agent_role,agent_autonomy_level,user_role,requested_action,tool_requested,resource_type,resource_sensitivity,permission_match,action_risk_score,prompt_injection_detected,data_exfiltration_risk,human_approval_required,previous_failed_attempts,audit_log_available,access_decision
customer_support_agent,4,admin,read_record,file_storage_api,api_key_secret,5,0,64,0,83,0,0,1,Blocked
customer_support_agent,2,analyst,export_report,crm_api,sales_pipeline,3,0,66,0,65,1,2,1,Blocked
hr_onboarding_agent,3,vendor,change_permission,external_webhook,sales_pipeline,3,0,100,0,51,1,2,1,Blocked
hr_onboarding_agent,2,manager,send_email,hris_api,customer_profile,3,0,64,0,64,0,0,1,Blocked
finance_reconciliation_agent,1,vendor,read_record,database_api,source_code_repo,4,0,41,0,63,0,1,1,Blocked
security_monitoring_agent,4,guest,change_permission,crm_api,access_policy,5,0,100,1,86,1,4,0,Blocked
data_analytics_agent,2,security_admin,send_email,email_api,access_policy,5,1,46,0,88,1,0,1,Blocked
devops_release_agent,5,manager,read_record,file_storage_api,invoice,3,0,49,0,51,0,0,1,Blocked
it_helpdesk_agent,4,admin,create_ticket,hris_api,customer_profile,3,1,17,0,50,0,1,1,Allowed
customer_support_agent,2,contractor,send_email,email_api,customer_profile,3,1,38,0,66,0,0,0,Needs_Human_Approval
sales_crm_agent,3,admin,export_report,email_api,access_policy,5,1,77,0,83,1,2,1,Needs_Human_Approval
customer_support_agent,4,manager,change_permission,identity_provider_api,customer_profile,3,1,97,0,39,1,1,0,Blocked
it_helpdesk_agent,2,employee,download_file,hris_api,customer_profile,2,0,67,0,70,1,2,1,Blocked
it_helpdesk_agent,5,service_account,download_file,hris_api,access_policy,5,1,85,0,87,1,0,1,Blocked
customer_support_agent,1,analyst,export_report,crm_api,invoice,3,0,78,1,94,1,1,1,Blocked
finance_reconciliation_agent,3,guest,export_report,database_api,support_ticket,1,0,58,0,51,0,2,1,Blocked
procurement_agent,1,analyst,export_report,crm_api,public_knowledge_base,1,0,51,0,52,0,4,1,Blocked
hr_onboarding_agent,3,vendor,delete_record,database_api,support_ticket,2,0,94,0,37,0,0,1,Blocked
executive_assistant_agent,3,guest,create_ticket,ticketing_api,invoice,2,1,16,0,24,1,1,1,Allowed
data_analytics_agent,5,employee,run_script,devops_ci_api,audit_log,4,0,100,0,58,1,1,1,Blocked
finance_reconciliation_agent,3,service_account,search_records,ticketing_api,system_config,4,0,66,1,82,1,3,1,Blocked
it_helpdesk_agent,3,analyst,read_record,finance_erp_api,public_knowledge_base,1,1,2,0,17,0,0,1,Allowed
data_analytics_agent,3,employee,search_records,finance_erp_api,sales_pipeline,3,1,16,0,28,0,0,1,Allowed
customer_support_agent,3,employee,update_record,finance_erp_api,invoice,3,0,73,0,39,1,0,1,Blocked
executive_assistant_agent,4,vendor,create_ticket,ticketing_api,payroll_record,5,0,59,0,61,1,0,1,Blocked
finance_reconciliation_agent,4,service_account,search_records,finance_erp_api,customer_profile,3,0,39,0,42,0,0,1,Blocked
legal_contract_agent,5,manager,update_record,database_api,source_code_repo,3,0,100,1,52,1,0,1,Blocked
executive_assistant_agent,4,security_admin,export_report,finance_erp_api,employee_file,4,0,84,0,83,1,1,0,Blocked
it_helpdesk_agent,4,employee,download_file,file_storage_api,contract_document,3,0,91,1,100,1,0,1,Blocked
procurement_agent,2,analyst,update_record,database_api,public_knowledge_base,1,1,27,0,25,0,0,1,Allowed
hr_onboarding_agent,3,contractor,send_email,email_api,payroll_record,4,1,45,0,82,0,2,1,Needs_Human_Approval
customer_support_agent,4,manager,approve_payment,finance_erp_api,access_policy,5,1,91,0,52,1,0,1,Blocked
security_monitoring_agent,5,employee,update_record,hris_api,sales_pipeline,3,1,53,0,36,0,0,1,Allowed
it_helpdesk_agent,2,service_account,search_records,database_api,public_knowledge_base,1,1,2,0,5,0,0,1,Allowed
executive_assistant_agent,2,contractor,read_record,file_storage_api,employee_file,4,0,39,0,74,0,0,1,Blocked
sales_crm_agent,3,contractor,download_file,file_storage_api,payroll_record,5,1,73,0,96,1,0,1,Blocked
customer_support_agent,3,employee,update_record,hris_api,contract_document,3,0,63,0,42,0,1,1,Blocked
it_helpdesk_agent,1,employee,read_record,database_api,sales_pipeline,3,0,38,0,53,0,2,1,Blocked
customer_support_agent,4,contractor,read_record,contract_repository_api,employee_file,4,0,52,0,55,0,2,1,Blocked
procurement_agent,4,employee,read_record,crm_api,invoice,3,1,15,0,26,0,0,1,Allowed
data_analytics_agent,4,analyst,update_record,database_api,contract_document,3,0,92,0,50,1,4,1,Blocked
customer_support_agent,4,manager,export_report,crm_api,system_config,4,1,53,0,81,0,0,1,Needs_Human_Approval
legal_contract_agent,3,analyst,read_record,crm_api,support_ticket,2,0,28,0,43,0,0,1,Blocked
it_helpdesk_agent,3,analyst,search_records,hris_api,invoice,3,0,88,1,67,1,4,1,Blocked
procurement_agent,3,analyst,approve_payment,finance_erp_api,system_config,4,0,97,0,57,1,0,1,Blocked
legal_contract_agent,5,admin,download_file,contract_repository_api,financial_record,4,0,68,0,100,1,0,1,Blocked
hr_onboarding_agent,1,service_account,send_email,email_api,invoice,3,0,53,0,75,0,0,1,Blocked
finance_reconciliation_agent,5,employee,read_record,file_storage_api,financial_record,3,0,54,0,62,0,4,1,Blocked
hr_onboarding_agent,5,service_account,search_records,ticketing_api,financial_record,4,1,37,0,57,0,0,1,Allowed
customer_support_agent,2,analyst,create_ticket,database_api,contract_document,3,0,39,0,48,0,1,1,Blocked
sales_crm_agent,2,employee,sync_external_app,database_api,public_knowledge_base,2,1,53,0,42,0,0,1,Allowed
customer_support_agent,3,contractor,search_records,finance_erp_api,support_ticket,2,1,28,1,48,0,0,1,Blocked
it_helpdesk_agent,4,contractor,search_records,hris_api,financial_record,4,0,40,0,79,0,0,1,Blocked
sales_crm_agent,3,employee,create_ticket,ticketing_api,customer_profile,3,1,18,0,35,0,0,0,Allowed
it_helpdesk_agent,5,analyst,update_record,database_api,support_ticket,2,1,41,0,26,0,0,1,Allowed
it_helpdesk_agent,2,analyst,approve_payment,finance_erp_api,financial_record,3,0,88,0,59,1,0,1,Blocked
procurement_agent,4,manager,send_email,identity_provider_api,customer_profile,2,0,59,0,60,0,0,1,Blocked
customer_support_agent,1,analyst,read_record,finance_erp_api,system_config,4,0,40,0,66,1,0,1,Blocked
hr_onboarding_agent,2,manager,read_record,contract_repository_api,public_knowledge_base,1,1,2,0,11,0,0,1,Allowed
it_helpdesk_agent,5,employee,send_email,email_api,public_knowledge_base,1,1,21,0,46,0,2,1,Allowed
data_analytics_agent,4,security_admin,search_records,ticketing_api,contract_document,3,0,51,0,43,0,2,1,Blocked
customer_support_agent,2,contractor,update_record,crm_api,contract_document,3,1,54,0,37,0,0,1,Allowed
hr_onboarding_agent,4,security_admin,create_ticket,ticketing_api,system_config,4,1,28,0,43,0,0,1,Allowed
finance_reconciliation_agent,3,employee,export_report,crm_api,customer_profile,3,1,45,0,57,0,0,1,Allowed
customer_support_agent,2,employee,send_email,email_api,api_key_secret,5,0,68,0,100,1,1,1,Blocked
legal_contract_agent,4,employee,read_record,database_api,sales_pipeline,3,0,48,0,48,0,2,1,Blocked
it_helpdesk_agent,3,employee,delete_record,devops_ci_api,system_config,4,0,100,0,62,1,0,1,Blocked
executive_assistant_agent,5,manager,send_email,email_api,support_ticket,2,1,33,0,60,0,0,1,Allowed
sales_crm_agent,2,employee,send_email,crm_api,customer_profile,3,0,73,0,70,1,2,1,Blocked
customer_support_agent,5,employee,export_report,siem_api,financial_record,4,1,99,1,97,1,5,1,Blocked
legal_contract_agent,3,manager,read_record,file_storage_api,support_ticket,2,1,8,0,31,0,0,1,Allowed
security_monitoring_agent,3,analyst,search_records,hris_api,public_knowledge_base,1,0,16,0,33,0,0,1,Blocked
legal_contract_agent,5,employee,create_ticket,ticketing_api,invoice,3,1,15,0,43,0,1,1,Allowed
customer_support_agent,4,employee,export_report,crm_api,customer_profile,3,1,56,0,54,0,3,1,Allowed
security_monitoring_agent,4,security_admin,read_record,finance_erp_api,sales_pipeline,3,1,24,0,33,0,0,1,Allowed
customer_support_agent,3,analyst,update_record,ticketing_api,customer_profile,2,1,38,0,32,0,0,1,Allowed
legal_contract_agent,3,manager,sync_external_app,database_api,financial_record,4,0,97,0,79,1,0,1,Blocked
it_helpdesk_agent,2,manager,search_records,database_api,invoice,3,0,27,0,42,0,1,1,Blocked
customer_support_agent,3,service_account,export_report,siem_api,financial_record,4,0,63,0,88,0,0,1,Blocked
customer_support_agent,5,service_account,create_ticket,email_api,employee_file,4,1,36,0,61,1,1,1,Needs_Human_Approval
sales_crm_agent,3,analyst,read_record,file_storage_api,public_knowledge_base,1,0,22,0,45,0,1,1,Blocked
finance_reconciliation_agent,2,analyst,send_email,email_api,invoice,3,0,51,0,70,0,2,1,Blocked
sales_crm_agent,2,security_admin,sync_external_app,external_webhook,support_ticket,2,0,97,0,75,1,6,0,Blocked
procurement_agent,4,employee,update_record,crm_api,public_knowledge_base,1,0,66,0,24,1,0,0,Blocked
data_analytics_agent,4,analyst,send_email,crm_api,access_policy,5,0,100,1,100,1,6,1,Blocked
finance_reconciliation_agent,4,employee,download_file,database_api,financial_record,5,0,86,0,94,1,0,1,Blocked
devops_release_agent,3,employee,read_record,file_storage_api,employee_file,4,0,54,0,70,0,0,1,Blocked
data_analytics_agent,4,analyst,send_email,email_api,public_knowledge_base,1,0,42,0,43,0,1,1,Blocked
customer_support_agent,5,analyst,update_record,finance_erp_api,system_config,4,0,87,0,56,1,0,1,Blocked
it_helpdesk_agent,3,guest,export_report,database_api,support_ticket,2,1,36,0,56,0,0,1,Allowed
procurement_agent,2,employee,view_audit_log,siem_api,customer_profile,3,0,87,1,67,1,2,1,Blocked
customer_support_agent,4,analyst,view_audit_log,identity_provider_api,employee_file,4,0,64,0,72,0,0,0,Blocked
finance_reconciliation_agent,3,manager,search_records,crm_api,financial_record,4,1,44,0,39,0,0,1,Allowed
sales_crm_agent,5,manager,change_permission,email_api,public_knowledge_base,1,1,89,0,23,1,0,0,Blocked
finance_reconciliation_agent,1,security_admin,read_record,file_storage_api,contract_document,3,1,2,0,43,0,0,1,Allowed
security_monitoring_agent,2,admin,send_email,email_api,employee_file,5,0,62,0,100,1,1,1,Blocked
customer_support_agent,3,analyst,download_file,crm_api,access_policy,5,0,100,0,88,1,0,1,Blocked
procurement_agent,5,contractor,create_ticket,file_storage_api,financial_record,4,1,73,1,87,1,0,1,Blocked
hr_onboarding_agent,4,contractor,export_report,database_api,support_ticket,2,0,57,0,74,0,0,1,Blocked
executive_assistant_agent,4,analyst,approve_payment,siem_api,public_knowledge_base,1,0,81,0,30,1,0,1,Blocked
customer_support_agent,5,manager,search_records,finance_erp_api,invoice,3,0,32,0,50,0,0,1,Blocked
procurement_agent,3,manager,download_file,database_api,support_ticket,2,0,65,0,47,1,0,0,Blocked
devops_release_agent,5,analyst,download_file,database_api,invoice,3,0,69,0,69,1,0,1,Blocked
hr_onboarding_agent,3,employee,search_records,database_api,public_knowledge_base,1,1,2,0,20,0,1,1,Allowed
security_monitoring_agent,2,employee,read_record,identity_provider_api,public_knowledge_base,1,0,34,0,25,0,3,1,Blocked
customer_support_agent,3,manager,download_file,database_api,customer_profile,3,1,47,0,55,0,0,1,Allowed
data_analytics_agent,5,analyst,download_file,database_api,customer_profile,3,1,41,0,68,0,0,1,Needs_Human_Approval
finance_reconciliation_agent,3,employee,download_file,file_storage_api,support_ticket,2,0,53,0,59,0,0,1,Blocked
customer_support_agent,2,contractor,change_permission,identity_provider_api,system_config,4,0,100,0,52,1,0,1,Blocked
customer_support_agent,2,service_account,search_records,hris_api,public_knowledge_base,1,1,4,0,14,0,0,0,Allowed
it_helpdesk_agent,5,contractor,download_file,database_api,financial_record,4,0,72,0,91,1,0,1,Blocked
customer_support_agent,4,analyst,download_file,siem_api,invoice,3,0,83,0,74,1,0,1,Blocked
security_monitoring_agent,4,analyst,approve_payment,ticketing_api,sales_pipeline,3,0,98,0,48,1,1,1,Blocked
data_analytics_agent,2,employee,read_record,crm_api,support_ticket,3,1,2,0,33,0,0,1,Allowed
procurement_agent,2,employee,approve_payment,finance_erp_api,customer_profile,3,0,100,0,47,1,3,1,Blocked
finance_reconciliation_agent,3,employee,approve_payment,hris_api,contract_document,3,0,91,0,39,1,0,1,Blocked
customer_support_agent,2,manager,read_record,finance_erp_api,public_knowledge_base,1,1,2,0,16,0,0,1,Allowed
executive_assistant_agent,3,employee,sync_external_app,crm_api,sales_pipeline,3,0,100,1,77,1,3,1,Blocked
it_helpdesk_agent,3,security_admin,search_records,ticketing_api,employee_file,5,0,53,0,59,1,0,1,Blocked
data_analytics_agent,4,manager,send_email,email_api,financial_record,5,1,66,0,100,1,2,1,Blocked
executive_assistant_agent,2,manager,sync_external_app,external_webhook,invoice,3,1,73,0,65,1,3,1,Needs_Human_Approval
customer_support_agent,3,employee,read_record,database_api,support_ticket,2,1,10,0,15,0,0,1,Allowed
customer_support_agent,2,guest,update_record,crm_api,financial_record,4,0,84,0,63,1,2,1,Blocked
customer_support_agent,4,service_account,read_record,email_api,system_config,4,0,65,0,64,1,1,1,Blocked
finance_reconciliation_agent,3,analyst,export_report,siem_api,payroll_record,5,0,84,0,94,1,0,1,Blocked
sales_crm_agent,4,manager,search_records,hris_api,support_ticket,2,1,2,0,46,0,0,1,Allowed
devops_release_agent,4,analyst,download_file,file_storage_api,source_code_repo,4,1,72,0,71,1,1,1,Needs_Human_Approval
it_helpdesk_agent,3,vendor,read_record,email_api,public_knowledge_base,1,1,36,0,30,0,6,1,Allowed
data_analytics_agent,5,admin,send_email,ticketing_api,financial_record,4,0,91,0,87,1,4,1,Blocked
it_helpdesk_agent,2,contractor,search_records,crm_api,invoice,3,0,40,0,37,0,2,1,Blocked
it_helpdesk_agent,2,employee,search_records,hris_api,audit_log,4,0,43,0,66,0,0,1,Blocked
procurement_agent,4,contractor,search_records,database_api,sales_pipeline,3,1,60,1,47,0,1,1,Blocked
data_analytics_agent,4,admin,read_record,database_api,invoice,3,0,45,0,43,0,2,1,Blocked
data_analytics_agent,3,vendor,send_email,email_api,audit_log,4,0,60,0,92,0,0,1,Blocked
hr_onboarding_agent,3,guest,update_record,finance_erp_api,payroll_record,5,1,68,0,54,1,0,1,Needs_Human_Approval
sales_crm_agent,3,employee,search_records,hris_api,system_config,4,0,48,0,61,0,1,1,Blocked
it_helpdesk_agent,5,analyst,search_records,database_api,public_knowledge_base,1,1,3,0,20,0,0,1,Allowed
it_helpdesk_agent,2,employee,read_record,database_api,access_policy,5,0,65,0,61,0,0,0,Blocked
data_analytics_agent,3,analyst,search_records,email_api,financial_record,4,1,41,0,68,0,0,1,Needs_Human_Approval
it_helpdesk_agent,1,contractor,search_records,ticketing_api,public_knowledge_base,1,0,15,0,46,0,0,0,Blocked
sales_crm_agent,4,analyst,search_records,database_api,employee_file,4,0,57,0,56,0,0,1,Blocked
it_helpdesk_agent,2,analyst,update_record,ticketing_api,meeting_notes,2,0,54,0,39,0,0,1,Blocked
sales_crm_agent,3,employee,export_report,database_api,support_ticket,2,0,59,0,64,0,0,1,Blocked
it_helpdesk_agent,5,manager,delete_record,hris_api,invoice,3,1,80,0,32,1,0,1,Needs_Human_Approval
devops_release_agent,4,employee,download_file,finance_erp_api,customer_profile,3,0,81,0,67,1,0,1,Blocked
customer_support_agent,1,manager,read_record,database_api,audit_log,5,1,21,0,45,1,0,1,Needs_Human_Approval
procurement_agent,3,analyst,export_report,finance_erp_api,employee_file,4,1,51,0,87,0,1,1,Needs_Human_Approval
customer_support_agent,2,employee,update_record,database_api,customer_profile,3,0,63,0,34,0,0,1,Blocked
finance_reconciliation_agent,2,employee,run_script,devops_ci_api,source_code_repo,4,0,100,0,50,1,0,1,Blocked
sales_crm_agent,1,service_account,download_file,contract_repository_api,sales_pipeline,3,1,66,1,65,1,3,1,Blocked
customer_support_agent,3,employee,export_report,finance_erp_api,audit_log,3,0,65,0,70,1,0,1,Blocked
it_helpdesk_agent,3,security_admin,read_record,database_api,audit_log,4,1,33,0,45,0,4,1,Allowed
customer_support_agent,3,vendor,create_ticket,ticketing_api,support_ticket,2,0,28,0,38,0,2,1,Blocked
devops_release_agent,1,service_account,export_report,finance_erp_api,support_ticket,2,0,45,0,61,0,0,0,Blocked
data_analytics_agent,4,manager,search_records,ticketing_api,system_config,4,0,52,0,53,0,2,1,Blocked
data_analytics_agent,4,contractor,create_ticket,ticketing_api,source_code_repo,3,0,72,1,58,1,3,1,Blocked
it_helpdesk_agent,1,contractor,download_file,database_api,support_ticket,2,1,25,0,47,0,0,0,Allowed
sales_crm_agent,4,analyst,send_email,ticketing_api,sales_pipeline,3,1,42,0,57,0,0,1,Allowed
executive_assistant_agent,2,manager,read_record,contract_repository_api,sales_pipeline,3,0,32,0,50,0,2,1,Blocked
it_helpdesk_agent,1,employee,download_file,database_api,source_code_repo,4,0,100,1,99,1,4,1,Blocked
legal_contract_agent,1,analyst,download_file,file_storage_api,sales_pipeline,3,1,50,0,65,0,0,0,Needs_Human_Approval
finance_reconciliation_agent,1,contractor,read_record,contract_repository_api,financial_record,4,0,38,0,65,0,0,1,Blocked
sales_crm_agent,1,employee,search_records,identity_provider_api,employee_file,4,0,53,0,72,0,0,1,Blocked
customer_support_agent,2,guest,search_records,finance_erp_api,invoice,2,0,45,0,44,0,3,1,Blocked
security_monitoring_agent,2,employee,search_records,finance_erp_api,payroll_record,5,0,47,0,59,1,1,1,Blocked
sales_crm_agent,2,guest,search_records,finance_erp_api,sales_pipeline,3,1,29,0,39,0,0,0,Allowed
it_helpdesk_agent,2,service_account,search_records,finance_erp_api,invoice,3,0,34,0,44,1,4,1,Blocked
hr_onboarding_agent,5,employee,download_file,identity_provider_api,customer_profile,3,0,78,0,64,1,2,1,Blocked
customer_support_agent,3,employee,read_record,contract_repository_api,employee_file,4,0,39,0,66,1,1,1,Blocked
sales_crm_agent,3,employee,sync_external_app,file_storage_api,employee_file,4,1,89,0,82,1,0,1,Blocked
devops_release_agent,3,vendor,export_report,finance_erp_api,invoice,3,0,90,0,70,1,2,0,Blocked
hr_onboarding_agent,3,manager,sync_external_app,database_api,financial_record,4,0,86,0,95,1,1,1,Blocked
sales_crm_agent,5,analyst,delete_record,hris_api,financial_record,4,0,100,0,54,1,0,0,Blocked
data_analytics_agent,4,analyst,download_file,database_api,sales_pipeline,3,0,75,0,76,1,0,1,Blocked
data_analytics_agent,3,employee,run_script,devops_ci_api,customer_profile,3,1,100,1,58,1,3,1,Blocked
customer_support_agent,3,employee,download_file,file_storage_api,public_knowledge_base,1,0,43,0,58,0,2,1,Blocked
procurement_agent,2,analyst,download_file,file_storage_api,access_policy,5,0,100,1,100,1,6,1,Blocked
it_helpdesk_agent,3,vendor,send_email,email_api,source_code_repo,4,0,71,0,86,1,1,1,Blocked
it_helpdesk_agent,3,employee,send_email,email_api,system_config,3,0,63,0,76,0,0,0,Blocked
security_monitoring_agent,5,admin,send_email,email_api,customer_profile,3,1,32,0,66,0,0,1,Needs_Human_Approval
customer_support_agent,4,security_admin,update_record,devops_ci_api,support_ticket,2,1,47,0,25,0,1,1,Allowed
hr_onboarding_agent,3,manager,export_report,finance_erp_api,invoice,3,0,65,0,62,1,0,1,Blocked
customer_support_agent,4,vendor,read_record,crm_api,invoice,3,0,41,0,49,0,0,1,Blocked
data_analytics_agent,4,employee,approve_payment,finance_erp_api,system_config,4,0,100,0,62,1,1,1,Blocked
sales_crm_agent,3,admin,export_report,crm_api,support_ticket,1,0,52,0,44,0,0,1,Blocked
finance_reconciliation_agent,3,employee,update_record,siem_api,sales_pipeline,3,0,93,0,42,1,2,1,Blocked
legal_contract_agent,3,security_admin,read_record,hris_api,public_knowledge_base,1,0,19,0,25,0,0,1,Blocked
data_analytics_agent,4,employee,export_report,siem_api,access_policy,5,0,99,0,83,0,0,1,Blocked
customer_support_agent,1,contractor,read_record,finance_erp_api,public_knowledge_base,1,1,2,0,17,0,0,1,Allowed
legal_contract_agent,1,manager,update_record,crm_api,system_config,4,0,69,0,57,1,1,1,Blocked
it_helpdesk_agent,4,service_account,send_email,email_api,employee_file,5,0,100,1,100,1,8,1,Blocked
customer_support_agent,2,analyst,read_record,database_api,public_knowledge_base,1,0,12,0,20,0,1,1,Blocked
legal_contract_agent,3,manager,sync_external_app,external_webhook,invoice,3,1,69,0,62,1,0,1,Needs_Human_Approval
devops_release_agent,4,manager,read_record,hris_api,invoice,3,1,18,0,40,0,0,1,Allowed
it_helpdesk_agent,4,manager,read_record,finance_erp_api,contract_document,3,1,35,0,33,0,4,1,Allowed
customer_support_agent,2,contractor,download_file,file_storage_api,support_ticket,2,0,81,1,94,1,2,1,Blocked
data_analytics_agent,1,service_account,download_file,siem_api,support_ticket,2,0,49,0,60,0,0,1,Blocked
it_helpdesk_agent,3,vendor,search_records,database_api,customer_profile,3,0,52,0,37,0,7,1,Blocked
procurement_agent,2,manager,read_record,hris_api,support_ticket,2,0,20,0,31,0,1,1,Blocked
data_analytics_agent,4,analyst,update_record,ticketing_api,audit_log,4,0,70,0,57,1,1,1,Blocked
customer_support_agent,3,admin,read_record,finance_erp_api,financial_record,4,0,59,0,69,0,0,1,Blocked
security_monitoring_agent,4,employee,export_report,crm_api,public_knowledge_base,1,0,42,0,42,0,0,1,Blocked
customer_support_agent,5,security_admin,download_file,siem_api,employee_file,4,0,96,0,79,1,0,1,Blocked
customer_support_agent,4,employee,send_email,email_api,financial_record,4,1,43,0,90,0,0,1,Blocked
sales_crm_agent,5,security_admin,read_record,email_api,audit_log,4,0,89,0,58,1,7,1,Blocked
sales_crm_agent,3,analyst,read_record,crm_api,public_knowledge_base,1,1,9,0,22,0,0,1,Allowed
sales_crm_agent,4,security_admin,update_record,database_api,audit_log,4,1,52,0,37,0,0,1,Allowed
devops_release_agent,4,analyst,read_record,database_api,source_code_repo,4,1,34,0,54,0,0,1,Allowed
data_analytics_agent,2,employee,read_record,contract_repository_api,public_knowledge_base,1,0,18,0,34,0,2,1,Blocked
customer_support_agent,3,admin,update_record,finance_erp_api,public_knowledge_base,1,1,17,0,21,0,0,1,Allowed
sales_crm_agent,3,vendor,change_permission,identity_provider_api,customer_profile,3,0,100,0,40,1,0,1,Blocked
data_analytics_agent,4,manager,delete_record,ticketing_api,source_code_repo,4,1,100,0,38,1,0,1,Blocked
legal_contract_agent,2,service_account,read_record,crm_api,public_knowledge_base,1,0,19,0,23,0,1,1,Blocked
finance_reconciliation_agent,5,manager,change_permission,identity_provider_api,contract_document,3,1,100,0,40,1,0,0,Blocked
customer_support_agent,4,analyst,update_record,finance_erp_api,customer_profile,3,1,57,0,28,0,0,1,Allowed
security_monitoring_agent,4,manager,approve_payment,identity_provider_api,public_knowledge_base,1,0,80,0,21,1,1,1,Blocked
it_helpdesk_agent,4,manager,export_report,siem_api,public_knowledge_base,1,1,36,0,43,0,1,1,Allowed
customer_support_agent,3,security_admin,update_record,ticketing_api,payroll_record,5,1,53,0,68,1,1,1,Needs_Human_Approval
data_analytics_agent,5,contractor,send_email,finance_erp_api,payroll_record,5,0,97,0,86,1,0,1,Blocked
it_helpdesk_agent,4,analyst,read_record,hris_api,sales_pipeline,3,0,35,0,48,0,1,1,Blocked
security_monitoring_agent,1,employee,read_record,identity_provider_api,employee_file,4,0,44,0,69,0,1,1,Blocked
legal_contract_agent,2,employee,send_email,email_api,customer_profile,4,1,40,0,74,0,0,1,Needs_Human_Approval
hr_onboarding_agent,4,manager,download_file,contract_repository_api,public_knowledge_base,1,1,34,0,26,0,2,1,Allowed
data_analytics_agent,5,employee,read_record,contract_repository_api,payroll_record,5,0,66,0,86,1,0,1,Blocked
customer_support_agent,3,analyst,export_report,ticketing_api,access_policy,5,0,97,0,87,1,3,1,Blocked
customer_support_agent,3,manager,search_records,hris_api,financial_record,4,0,50,0,60,0,0,1,Blocked
finance_reconciliation_agent,3,employee,search_records,ticketing_api,invoice,3,0,27,0,70,0,0,1,Blocked
it_helpdesk_agent,3,security_admin,read_record,file_storage_api,support_ticket,2,1,2,0,30,0,0,1,Allowed
procurement_agent,3,analyst,export_report,crm_api,public_knowledge_base,1,0,40,0,50,0,0,1,Blocked
hr_onboarding_agent,1,manager,read_record,siem_api,customer_profile,4,0,47,0,48,0,3,1,Blocked
data_analytics_agent,4,manager,download_file,database_api,public_knowledge_base,1,0,46,0,51,0,0,1,Blocked
it_helpdesk_agent,5,service_account,read_record,crm_api,sales_pipeline,3,1,25,0,30,0,0,1,Allowed
legal_contract_agent,3,employee,update_record,database_api,access_policy,5,0,88,0,65,1,0,1,Blocked
customer_support_agent,3,analyst,download_file,file_storage_api,employee_file,4,0,64,0,95,0,0,1,Blocked
sales_crm_agent,2,employee,export_report,siem_api,invoice,3,1,79,1,67,1,2,1,Blocked
security_monitoring_agent,4,employee,read_record,finance_erp_api,invoice,3,1,48,0,30,0,0,1,Allowed
it_helpdesk_agent,3,employee,read_record,hris_api,customer_profile,3,0,48,0,49,0,2,1,Blocked
devops_release_agent,3,analyst,sync_external_app,database_api,invoice,3,1,59,0,58,0,0,1,Needs_Human_Approval
procurement_agent,4,manager,send_email,database_api,customer_profile,3,0,79,0,63,1,2,1,Blocked
devops_release_agent,3,employee,view_audit_log,siem_api,system_config,4,1,45,0,55,0,0,1,Allowed
customer_support_agent,3,employee,download_file,contract_repository_api,public_knowledge_base,1,0,42,0,49,0,1,1,Blocked
procurement_agent,3,employee,read_record,file_storage_api,customer_profile,3,0,35,0,68,0,1,1,Blocked
customer_support_agent,3,employee,download_file,file_storage_api,financial_record,3,1,51,0,54,0,1,1,Allowed
devops_release_agent,3,analyst,read_record,ticketing_api,access_policy,5,0,62,0,68,1,1,1,Blocked
legal_contract_agent,3,employee,read_record,ticketing_api,support_ticket,2,0,36,0,43,0,1,1,Blocked
executive_assistant_agent,2,analyst,send_email,email_api,customer_profile,3,1,27,0,62,0,1,1,Allowed
customer_support_agent,2,contractor,update_record,finance_erp_api,support_ticket,2,1,34,0,26,0,2,1,Allowed
finance_reconciliation_agent,3,contractor,change_permission,identity_provider_api,source_code_repo,4,0,100,0,51,1,1,1,Blocked
it_helpdesk_agent,1,vendor,search_records,database_api,access_policy,5,0,63,0,65,1,3,1,Blocked
legal_contract_agent,2,security_admin,read_record,crm_api,financial_record,4,1,2,0,63,0,1,1,Allowed
devops_release_agent,2,manager,search_records,crm_api,contract_document,3,1,8,0,41,0,4,1,Allowed
it_helpdesk_agent,3,employee,export_report,siem_api,invoice,3,1,44,0,63,0,0,1,Allowed
security_monitoring_agent,3,guest,read_record,file_storage_api,contract_document,3,0,84,1,77,1,1,1,Blocked
legal_contract_agent,3,analyst,search_records,email_api,source_code_repo,4,0,65,0,70,1,3,1,Blocked
hr_onboarding_agent,4,employee,search_records,hris_api,access_policy,5,0,51,0,69,1,0,1,Blocked
finance_reconciliation_agent,3,service_account,export_report,hris_api,customer_profile,4,1,62,0,64,0,0,1,Needs_Human_Approval
executive_assistant_agent,2,employee,read_record,contract_repository_api,support_ticket,3,0,33,0,54,0,1,1,Blocked
hr_onboarding_agent,4,security_admin,create_ticket,file_storage_api,access_policy,5,0,69,0,74,1,0,1,Blocked
it_helpdesk_agent,4,vendor,update_record,crm_api,support_ticket,2,0,64,0,37,0,0,1,Blocked
devops_release_agent,1,contractor,export_report,database_api,invoice,3,0,60,0,78,0,1,1,Blocked
customer_support_agent,4,vendor,read_record,file_storage_api,customer_profile,3,0,44,0,51,0,0,1,Blocked
security_monitoring_agent,1,employee,export_report,database_api,employee_file,4,0,74,0,91,1,0,1,Blocked
finance_reconciliation_agent,4,guest,read_record,crm_api,access_policy,5,0,66,0,65,1,0,1,Blocked
finance_reconciliation_agent,4,analyst,read_record,contract_repository_api,financial_record,5,0,75,0,78,1,3,1,Blocked
customer_support_agent,1,analyst,read_record,hris_api,source_code_repo,4,0,40,0,54,0,1,1,Blocked
customer_support_agent,3,manager,search_records,hris_api,audit_log,4,0,59,0,62,0,2,1,Blocked
procurement_agent,2,employee,update_record,hris_api,employee_file,4,0,89,0,66,1,5,1,Blocked
devops_release_agent,5,analyst,read_record,database_api,source_code_repo,4,0,76,0,51,1,5,1,Blocked
procurement_agent,3,analyst,read_record,contract_repository_api,support_ticket,2,0,27,0,36,0,0,1,Blocked
customer_support_agent,1,employee,update_record,crm_api,public_knowledge_base,1,1,30,0,9,0,1,1,Allowed
sales_crm_agent,3,manager,export_report,finance_erp_api,contract_document,3,1,45,0,44,0,0,1,Allowed
data_analytics_agent,3,employee,sync_external_app,crm_api,customer_profile,2,0,71,0,62,1,0,1,Blocked
sales_crm_agent,3,service_account,export_report,crm_api,financial_record,4,0,84,0,87,1,2,1,Blocked
hr_onboarding_agent,2,manager,update_record,siem_api,employee_file,4,1,67,0,53,1,0,1,Needs_Human_Approval
procurement_agent,3,admin,read_record,contract_repository_api,customer_profile,3,1,17,0,41,0,1,1,Allowed
customer_support_agent,4,security_admin,download_file,crm_api,payroll_record,5,0,100,0,100,1,1,1,Blocked
customer_support_agent,2,employee,run_script,devops_ci_api,sales_pipeline,3,1,79,0,40,1,0,0,Needs_Human_Approval
it_helpdesk_agent,1,analyst,export_report,crm_api,payroll_record,5,0,77,0,100,1,0,1,Blocked
security_monitoring_agent,4,analyst,read_record,finance_erp_api,customer_profile,3,0,33,0,47,0,1,1,Blocked
security_monitoring_agent,3,employee,create_ticket,ticketing_api,source_code_repo,4,0,42,0,46,0,0,1,Blocked
customer_support_agent,3,guest,approve_payment,finance_erp_api,source_code_repo,4,0,100,0,52,1,1,1,Blocked
finance_reconciliation_agent,4,analyst,send_email,ticketing_api,customer_profile,3,0,62,0,52,0,1,1,Blocked
customer_support_agent,4,contractor,create_ticket,ticketing_api,support_ticket,2,1,11,0,26,0,0,1,Allowed
finance_reconciliation_agent,3,analyst,read_record,crm_api,public_knowledge_base,1,0,8,0,41,0,1,1,Blocked
devops_release_agent,3,guest,run_script,file_storage_api,public_knowledge_base,1,0,100,0,44,1,0,1,Blocked
it_helpdesk_agent,3,employee,export_report,database_api,customer_profile,3,0,64,0,63,0,1,1,Blocked
customer_support_agent,1,admin,create_ticket,ticketing_api,customer_profile,3,1,2,0,42,0,4,1,Allowed
customer_support_agent,3,vendor,search_records,database_api,support_ticket,2,1,12,0,29,0,0,1,Allowed
sales_crm_agent,4,employee,search_records,crm_api,contract_document,3,1,25,0,28,0,0,1,Allowed
it_helpdesk_agent,3,analyst,export_report,finance_erp_api,customer_profile,3,1,44,0,65,0,0,1,Needs_Human_Approval
procurement_agent,3,security_admin,export_report,siem_api,system_config,4,0,70,0,86,1,0,1,Blocked
security_monitoring_agent,2,analyst,approve_payment,finance_erp_api,support_ticket,2,0,73,0,54,1,0,1,Blocked
customer_support_agent,5,manager,change_permission,identity_provider_api,customer_profile,3,1,98,0,37,1,0,0,Blocked
procurement_agent,2,manager,read_record,contract_repository_api,support_ticket,2,1,4,0,23,0,0,1,Allowed
data_analytics_agent,1,service_account,export_report,ticketing_api,customer_profile,3,0,45,0,71,0,1,1,Blocked
sales_crm_agent,4,employee,read_record,ticketing_api,support_ticket,2,0,56,0,42,0,2,1,Blocked
customer_support_agent,3,employee,approve_payment,finance_erp_api,customer_profile,3,0,100,0,40,1,2,1,Blocked
it_helpdesk_agent,4,analyst,export_report,file_storage_api,invoice,3,1,63,0,71,0,0,1,Needs_Human_Approval
customer_support_agent,4,manager,send_email,email_api,sales_pipeline,3,0,44,0,88,0,2,1,Blocked
hr_onboarding_agent,2,employee,update_record,crm_api,employee_file,4,0,68,0,76,1,1,1,Blocked
finance_reconciliation_agent,1,service_account,send_email,email_api,system_config,4,0,54,0,89,0,0,1,Blocked
sales_crm_agent,2,employee,read_record,crm_api,payroll_record,5,0,65,0,84,1,3,1,Blocked
data_analytics_agent,2,employee,read_record,hris_api,invoice,3,0,44,0,46,0,2,1,Blocked
sales_crm_agent,3,analyst,sync_external_app,crm_api,invoice,3,0,93,0,58,1,0,0,Blocked
executive_assistant_agent,3,contractor,create_ticket,ticketing_api,payroll_record,5,0,52,0,74,1,1,1,Blocked
procurement_agent,3,service_account,delete_record,hris_api,payroll_record,5,1,100,0,62,1,3,1,Blocked
data_analytics_agent,4,analyst,download_file,devops_ci_api,public_knowledge_base,1,0,56,0,48,0,1,1,Blocked
sales_crm_agent,4,manager,update_record,ticketing_api,public_knowledge_base,1,1,32,0,21,0,0,1,Allowed
executive_assistant_agent,3,vendor,create_ticket,ticketing_api,audit_log,4,0,53,0,57,0,0,1,Blocked
customer_support_agent,3,employee,export_report,hris_api,payroll_record,5,0,99,0,100,1,1,1,Blocked
it_helpdesk_agent,3,employee,view_audit_log,siem_api,financial_record,4,0,62,0,72,0,0,1,Blocked
finance_reconciliation_agent,2,service_account,create_ticket,ticketing_api,public_knowledge_base,1,0,19,0,29,0,6,1,Blocked
data_analytics_agent,5,admin,export_report,database_api,contract_document,3,0,73,0,67,1,0,1,Blocked
finance_reconciliation_agent,2,analyst,export_report,finance_erp_api,customer_profile,3,0,78,0,61,1,4,1,Blocked
executive_assistant_agent,5,analyst,update_record,finance_erp_api,system_config,4,0,84,0,64,1,0,1,Blocked
executive_assistant_agent,1,analyst,download_file,contract_repository_api,invoice,3,0,55,0,74,0,1,1,Blocked
data_analytics_agent,1,employee,download_file,database_api,customer_profile,3,1,32,0,59,0,0,0,Allowed
customer_support_agent,4,employee,download_file,crm_api,payroll_record,5,0,100,0,99,1,0,0,Blocked
procurement_agent,5,vendor,read_record,email_api,sales_pipeline,3,0,59,0,55,0,1,1,Blocked
finance_reconciliation_agent,3,service_account,read_record,finance_erp_api,financial_record,4,1,31,0,45,0,2,1,Allowed
executive_assistant_agent,2,vendor,approve_payment,finance_erp_api,customer_profile,3,1,76,0,41,1,0,1,Needs_Human_Approval
hr_onboarding_agent,5,analyst,export_report,siem_api,public_knowledge_base,1,1,29,0,43,0,0,1,Allowed
it_helpdesk_agent,2,service_account,read_record,file_storage_api,public_knowledge_base,1,1,2,0,20,0,0,1,Allowed
procurement_agent,4,employee,send_email,email_api,customer_profile,3,0,69,0,82,1,4,1,Blocked
finance_reconciliation_agent,3,analyst,search_records,hris_api,support_ticket,2,0,18,0,39,0,0,1,Blocked
security_monitoring_agent,2,analyst,download_file,file_storage_api,support_ticket,2,1,33,0,70,0,1,1,Needs_Human_Approval
finance_reconciliation_agent,3,employee,create_ticket,ticketing_api,customer_profile,3,1,15,0,33,0,1,1,Allowed
customer_support_agent,4,guest,export_report,crm_api,payroll_record,5,0,100,0,100,1,0,1,Blocked
security_monitoring_agent,4,security_admin,update_record,crm_api,employee_file,4,1,61,0,55,0,0,1,Needs_Human_Approval
security_monitoring_agent,5,employee,update_record,ticketing_api,support_ticket,2,0,88,0,44,1,5,1,Blocked
customer_support_agent,5,employee,read_record,finance_erp_api,audit_log,4,0,65,0,49,1,1,1,Blocked
hr_onboarding_agent,3,employee,search_records,database_api,audit_log,4,1,31,0,47,0,0,1,Allowed
sales_crm_agent,4,admin,download_file,file_storage_api,access_policy,5,0,99,0,100,1,3,1,Blocked
it_helpdesk_agent,1,analyst,delete_record,hris_api,support_ticket,1,0,100,1,44,1,1,1,Blocked
customer_support_agent,2,employee,view_audit_log,identity_provider_api,invoice,3,0,45,0,40,0,1,1,Blocked
customer_support_agent,5,employee,read_record,database_api,source_code_repo,4,0,60,0,57,0,2,1,Blocked
sales_crm_agent,3,service_account,read_record,devops_ci_api,customer_profile,3,1,33,0,47,0,1,1,Allowed
it_helpdesk_agent,3,analyst,create_ticket,ticketing_api,api_key_secret,5,0,59,0,75,1,0,0,Blocked
customer_support_agent,4,employee,search_records,hris_api,invoice,3,0,49,0,45,0,1,1,Blocked
customer_support_agent,3,employee,search_records,hris_api,invoice,3,1,4,0,36,0,0,1,Allowed
devops_release_agent,4,manager,search_records,crm_api,public_knowledge_base,1,0,18,0,29,0,0,1,Blocked
security_monitoring_agent,5,analyst,read_record,file_storage_api,support_ticket,2,1,14,0,46,0,0,1,Allowed
customer_support_agent,2,analyst,read_record,ticketing_api,invoice,3,1,26,0,38,0,0,1,Allowed
procurement_agent,3,vendor,update_record,hris_api,system_config,4,0,84,0,60,1,1,1,Blocked
finance_reconciliation_agent,1,contractor,export_report,crm_api,source_code_repo,4,0,57,0,65,0,0,1,Blocked
devops_release_agent,4,employee,approve_payment,finance_erp_api,support_ticket,2,1,72,0,27,1,0,0,Needs_Human_Approval
customer_support_agent,2,admin,read_record,database_api,financial_record,4,1,18,0,53,0,0,1,Allowed
hr_onboarding_agent,3,vendor,search_records,identity_provider_api,contract_document,3,0,57,0,39,0,1,1,Blocked
finance_reconciliation_agent,3,analyst,download_file,email_api,contract_document,3,0,58,0,75,0,0,1,Blocked
customer_support_agent,5,employee,read_record,contract_repository_api,customer_profile,4,1,35,0,44,0,1,1,Allowed
customer_support_agent,3,admin,send_email,email_api,customer_profile,3,1,41,0,61,0,6,1,Allowed
hr_onboarding_agent,4,manager,search_records,email_api,access_policy,5,0,75,0,70,1,0,1,Blocked
finance_reconciliation_agent,4,employee,export_report,finance_erp_api,system_config,4,1,62,0,59,0,0,1,Needs_Human_Approval
security_monitoring_agent,4,employee,update_record,crm_api,customer_profile,3,0,69,0,49,1,0,1,Blocked
hr_onboarding_agent,4,admin,create_ticket,crm_api,support_ticket,1,0,28,0,28,0,0,1,Blocked
procurement_agent,4,service_account,search_records,finance_erp_api,employee_file,4,0,51,0,66,0,1,1,Blocked
procurement_agent,3,analyst,download_file,contract_repository_api,contract_document,2,0,57,0,59,0,1,0,Blocked
it_helpdesk_agent,1,contractor,send_email,email_api,public_knowledge_base,2,0,33,0,68,0,2,1,Blocked
customer_support_agent,3,analyst,export_report,email_api,customer_profile,3,1,73,0,58,1,5,1,Needs_Human_Approval
it_helpdesk_agent,1,contractor,update_record,email_api,customer_profile,3,0,79,0,62,1,2,1,Blocked
procurement_agent,2,analyst,approve_payment,finance_erp_api,access_policy,4,0,100,0,60,1,2,1,Blocked
sales_crm_agent,3,manager,export_report,finance_erp_api,support_ticket,2,0,63,0,64,0,0,0,Blocked
finance_reconciliation_agent,3,employee,send_email,email_api,support_ticket,2,0,44,0,55,0,1,1,Blocked
finance_reconciliation_agent,3,contractor,search_records,crm_api,support_ticket,2,1,7,0,26,0,0,1,Allowed
devops_release_agent,2,employee,read_record,email_api,access_policy,5,0,63,0,77,1,0,0,Blocked
sales_crm_agent,3,service_account,update_record,finance_erp_api,public_knowledge_base,1,1,34,0,24,0,0,1,Allowed
it_helpdesk_agent,5,contractor,send_email,email_api,financial_record,5,0,79,0,100,1,0,1,Blocked
it_helpdesk_agent,3,employee,search_records,ticketing_api,system_config,4,0,45,0,57,0,0,1,Blocked
devops_release_agent,5,vendor,export_report,database_api,payroll_record,5,0,100,0,100,1,1,1,Blocked
security_monitoring_agent,2,employee,read_record,hris_api,sales_pipeline,4,0,44,0,64,0,0,1,Blocked
finance_reconciliation_agent,1,analyst,create_ticket,ticketing_api,public_knowledge_base,1,0,6,0,23,0,2,0,Blocked
customer_support_agent,1,analyst,update_record,hris_api,support_ticket,2,1,41,0,42,0,6,1,Allowed
security_monitoring_agent,4,service_account,create_ticket,ticketing_api,public_knowledge_base,1,0,6,0,38,0,1,1,Blocked
devops_release_agent,2,employee,sync_external_app,external_webhook,employee_file,4,0,100,0,90,1,1,0,Blocked
customer_support_agent,3,contractor,export_report,finance_erp_api,customer_profile,3,1,48,0,57,0,0,1,Allowed
customer_support_agent,4,contractor,update_record,crm_api,api_key_secret,5,0,88,0,80,1,0,1,Blocked
executive_assistant_agent,3,contractor,read_record,hris_api,public_knowledge_base,1,0,21,0,33,0,0,1,Blocked
it_helpdesk_agent,3,service_account,export_report,database_api,contract_document,3,0,63,0,64,0,3,1,Blocked
customer_support_agent,5,analyst,update_record,database_api,source_code_repo,4,0,88,0,57,1,0,1,Blocked
data_analytics_agent,3,analyst,read_record,finance_erp_api,sales_pipeline,3,1,28,0,49,0,3,1,Allowed
it_helpdesk_agent,2,admin,update_record,identity_provider_api,public_knowledge_base,1,1,26,0,13,0,3,1,Allowed
executive_assistant_agent,3,guest,search_records,hris_api,meeting_notes,2,1,35,0,17,1,0,0,Needs_Human_Approval
security_monitoring_agent,3,admin,read_record,contract_repository_api,system_config,4,1,23,0,39,0,0,1,Allowed
procurement_agent,2,employee,read_record,database_api,customer_profile,3,0,35,0,49,0,0,1,Blocked
sales_crm_agent,3,employee,export_report,database_api,invoice,3,0,75,0,66,1,2,1,Blocked
finance_reconciliation_agent,1,guest,approve_payment,email_api,customer_profile,3,0,100,1,71,1,0,0,Blocked
devops_release_agent,4,service_account,read_record,crm_api,public_knowledge_base,1,1,2,0,13,0,1,1,Allowed
hr_onboarding_agent,1,vendor,change_permission,identity_provider_api,invoice,3,0,100,0,41,1,4,1,Blocked
hr_onboarding_agent,4,analyst,create_ticket,ticketing_api,customer_profile,3,1,12,0,32,0,0,1,Allowed
devops_release_agent,4,employee,export_report,finance_erp_api,public_knowledge_base,1,0,45,0,55,0,0,1,Blocked
hr_onboarding_agent,5,security_admin,change_permission,identity_provider_api,employee_file,4,1,98,0,45,1,0,1,Blocked
it_helpdesk_agent,3,manager,send_email,email_api,source_code_repo,4,0,62,0,79,1,1,1,Blocked
sales_crm_agent,3,manager,send_email,email_api,public_knowledge_base,1,1,14,0,47,0,0,1,Allowed
finance_reconciliation_agent,4,employee,read_record,contract_repository_api,audit_log,4,0,50,0,65,0,0,1,Blocked
it_helpdesk_agent,3,analyst,create_ticket,email_api,payroll_record,5,0,53,0,84,1,1,1,Blocked
legal_contract_agent,3,employee,read_record,crm_api,public_knowledge_base,1,1,2,0,9,0,0,1,Allowed
security_monitoring_agent,1,manager,read_record,ticketing_api,support_ticket,2,1,14,0,30,0,0,1,Allowed
data_analytics_agent,3,employee,search_records,database_api,customer_profile,3,1,28,0,29,0,6,1,Allowed
devops_release_agent,3,guest,read_record,crm_api,payroll_record,5,0,74,0,87,1,0,0,Blocked
hr_onboarding_agent,3,manager,export_report,finance_erp_api,sales_pipeline,3,0,67,0,65,1,0,1,Blocked
finance_reconciliation_agent,3,vendor,send_email,email_api,public_knowledge_base,1,0,42,0,59,0,2,1,Blocked
customer_support_agent,2,admin,read_record,file_storage_api,public_knowledge_base,1,1,2,0,38,0,0,1,Allowed
it_helpdesk_agent,4,analyst,read_record,finance_erp_api,payroll_record,5,0,100,1,94,1,4,1,Blocked
customer_support_agent,2,guest,update_record,finance_erp_api,support_ticket,2,1,36,0,22,0,0,1,Allowed
customer_support_agent,1,manager,read_record,crm_api,public_knowledge_base,1,0,10,0,29,0,0,1,Blocked
it_helpdesk_agent,4,contractor,approve_payment,finance_erp_api,audit_log,4,0,100,0,58,1,1,1,Blocked
legal_contract_agent,4,employee,read_record,contract_repository_api,customer_profile,3,0,44,0,49,0,0,1,Blocked
executive_assistant_agent,5,employee,send_email,email_api,financial_record,4,0,68,0,92,1,0,1,Blocked
procurement_agent,5,analyst,read_record,database_api,customer_profile,3,0,47,0,52,0,1,1,Blocked
executive_assistant_agent,2,employee,read_record,crm_api,employee_file,4,0,51,0,56,0,2,1,Blocked
customer_support_agent,4,analyst,approve_payment,identity_provider_api,financial_record,4,0,100,0,72,0,4,0,Blocked
security_monitoring_agent,2,employee,read_record,file_storage_api,support_ticket,2,0,22,0,46,0,0,1,Blocked
customer_support_agent,5,analyst,export_report,database_api,api_key_secret,5,0,100,0,96,1,0,1,Blocked
customer_support_agent,2,admin,search_records,finance_erp_api,customer_profile,3,1,2,0,35,0,0,1,Allowed
customer_support_agent,3,service_account,export_report,crm_api,customer_profile,2,1,37,0,58,0,0,1,Allowed
procurement_agent,3,contractor,read_record,crm_api,source_code_repo,5,0,99,1,95,1,4,1,Blocked
security_monitoring_agent,4,admin,search_records,identity_provider_api,financial_record,4,0,62,0,60,0,0,1,Blocked
it_helpdesk_agent,4,manager,run_script,devops_ci_api,sales_pipeline,3,1,97,0,41,1,0,1,Blocked
procurement_agent,2,analyst,download_file,contract_repository_api,financial_record,4,0,75,0,80,1,1,1,Blocked
finance_reconciliation_agent,3,vendor,run_script,devops_ci_api,sales_pipeline,3,0,100,0,38,1,1,1,Blocked
customer_support_agent,4,employee,create_ticket,ticketing_api,customer_profile,3,0,35,0,42,0,0,1,Blocked
legal_contract_agent,3,vendor,read_record,crm_api,employee_file,4,1,27,0,56,0,0,1,Allowed
customer_support_agent,4,manager,update_record,finance_erp_api,customer_profile,3,1,51,0,25,0,0,1,Allowed
sales_crm_agent,5,security_admin,search_records,finance_erp_api,customer_profile,3,1,5,0,34,0,0,1,Allowed
finance_reconciliation_agent,2,admin,search_records,finance_erp_api,source_code_repo,4,0,42,0,57,0,0,1,Blocked
customer_support_agent,3,security_admin,update_record,crm_api,source_code_repo,3,0,74,0,33,1,1,1,Blocked
sales_crm_agent,3,contractor,search_records,hris_api,system_config,4,0,47,0,59,1,1,1,Blocked
customer_support_agent,3,security_admin,run_script,email_api,invoice,4,0,100,0,68,1,0,1,Blocked
customer_support_agent,3,analyst,search_records,hris_api,support_ticket,2,1,6,0,27,0,0,1,Allowed
procurement_agent,2,manager,read_record,database_api,audit_log,4,1,19,0,38,0,0,1,Allowed
it_helpdesk_agent,4,manager,search_records,hris_api,employee_file,4,0,56,0,67,0,3,1,Blocked
customer_support_agent,3,analyst,download_file,contract_repository_api,public_knowledge_base,1,1,20,0,33,0,0,1,Allowed
customer_support_agent,3,manager,export_report,finance_erp_api,sales_pipeline,3,0,60,0,69,0,0,1,Blocked
hr_onboarding_agent,4,employee,export_report,database_api,access_policy,5,0,95,0,100,1,0,1,Blocked
finance_reconciliation_agent,3,analyst,search_records,crm_api,public_knowledge_base,1,0,12,0,26,0,1,1,Blocked
it_helpdesk_agent,3,manager,search_records,database_api,public_knowledge_base,1,1,2,0,15,0,0,1,Allowed
it_helpdesk_agent,3,vendor,send_email,email_api,customer_profile,3,1,88,1,77,1,3,1,Blocked
it_helpdesk_agent,4,contractor,search_records,file_storage_api,customer_profile,3,0,47,0,61,0,2,1,Blocked
it_helpdesk_agent,4,employee,update_record,database_api,support_ticket,2,1,44,0,36,0,0,1,Allowed
sales_crm_agent,3,admin,read_record,database_api,access_policy,5,1,41,0,58,1,0,1,Needs_Human_Approval
finance_reconciliation_agent,1,analyst,create_ticket,ticketing_api,support_ticket,2,0,17,0,33,0,1,1,Blocked
security_monitoring_agent,3,service_account,change_permission,finance_erp_api,financial_record,4,0,100,0,71,1,0,1,Blocked
data_analytics_agent,5,contractor,approve_payment,finance_erp_api,support_ticket,2,0,87,0,43,1,0,1,Blocked
customer_support_agent,3,vendor,approve_payment,finance_erp_api,payroll_record,5,0,100,0,73,1,2,1,Blocked
it_helpdesk_agent,4,manager,export_report,crm_api,public_knowledge_base,1,1,24,0,30,0,0,1,Allowed
security_monitoring_agent,1,manager,export_report,crm_api,support_ticket,2,1,26,0,48,0,0,0,Allowed
it_helpdesk_agent,3,employee,export_report,finance_erp_api,api_key_secret,5,0,80,0,100,1,0,1,Blocked
hr_onboarding_agent,3,service_account,send_email,email_api,contract_document,3,0,44,0,78,0,0,1,Blocked
legal_contract_agent,2,security_admin,delete_record,crm_api,customer_profile,3,0,100,0,44,1,3,1,Blocked
executive_assistant_agent,2,vendor,update_record,hris_api,system_config,4,0,71,0,56,1,1,1,Blocked
hr_onboarding_agent,4,employee,export_report,finance_erp_api,source_code_repo,4,0,76,0,75,1,0,1,Blocked
finance_reconciliation_agent,2,manager,update_record,crm_api,customer_profile,3,1,39,0,38,0,0,1,Allowed
it_helpdesk_agent,3,guest,send_email,email_api,system_config,4,0,87,0,83,1,3,1,Blocked
procurement_agent,4,employee,read_record,database_api,customer_profile,3,0,53,0,45,0,2,1,Blocked
hr_onboarding_agent,3,employee,update_record,hris_api,support_ticket,2,0,60,0,41,0,0,1,Blocked
finance_reconciliation_agent,1,service_account,export_report,finance_erp_api,financial_record,4,1,48,0,75,0,0,1,Needs_Human_Approval
customer_support_agent,3,security_admin,download_file,identity_provider_api,financial_record,4,1,60,0,63,0,0,1,Needs_Human_Approval
it_helpdesk_agent,4,analyst,view_audit_log,identity_provider_api,customer_profile,3,0,75,0,62,1,3,1,Blocked
legal_contract_agent,5,contractor,export_report,database_api,contract_document,3,1,55,0,60,0,0,1,Allowed
hr_onboarding_agent,3,analyst,read_record,finance_erp_api,access_policy,5,0,54,0,61,1,0,1,Blocked
data_analytics_agent,5,contractor,approve_payment,database_api,financial_record,4,0,100,1,73,1,0,1,Blocked
hr_onboarding_agent,3,service_account,export_report,crm_api,contract_document,2,1,73,1,73,1,2,1,Blocked
customer_support_agent,1,employee,search_records,hris_api,employee_file,4,0,41,0,52,0,1,1,Blocked
security_monitoring_agent,4,employee,export_report,crm_api,sales_pipeline,3,0,79,0,63,1,3,1,Blocked
data_analytics_agent,4,admin,run_script,devops_ci_api,customer_profile,3,1,76,0,39,0,0,1,Needs_Human_Approval
sales_crm_agent,2,employee,send_email,email_api,contract_document,3,1,39,0,68,0,0,1,Needs_Human_Approval
security_monitoring_agent,3,admin,download_file,file_storage_api,source_code_repo,4,0,73,0,84,1,1,1,Blocked
customer_support_agent,4,manager,run_script,identity_provider_api,financial_record,4,0,100,0,64,1,1,1,Blocked
customer_support_agent,2,analyst,search_records,hris_api,support_ticket,2,1,2,0,20,0,0,1,Allowed
customer_support_agent,3,security_admin,approve_payment,finance_erp_api,employee_file,5,1,79,0,71,1,0,1,Needs_Human_Approval
data_analytics_agent,2,manager,update_record,crm_api,financial_record,4,1,52,0,51,0,0,1,Allowed
data_analytics_agent,5,employee,create_ticket,ticketing_api,public_knowledge_base,1,0,19,0,33,0,0,1,Blocked
customer_support_agent,2,employee,run_script,devops_ci_api,financial_record,4,0,100,0,75,1,0,1,Blocked
finance_reconciliation_agent,2,employee,send_email,email_api,customer_profile,3,1,32,0,65,1,0,1,Needs_Human_Approval
it_helpdesk_agent,3,contractor,search_records,crm_api,support_ticket,2,1,24,0,16,0,6,1,Allowed
sales_crm_agent,2,employee,send_email,email_api,support_ticket,2,1,42,1,79,0,2,1,Blocked
sales_crm_agent,2,vendor,read_record,file_storage_api,source_code_repo,4,0,49,0,56,0,1,1,Blocked
customer_support_agent,5,manager,search_records,hris_api,contract_document,3,1,31,0,31,0,0,1,Allowed
it_helpdesk_agent,2,contractor,read_record,finance_erp_api,customer_profile,3,0,55,1,75,0,1,1,Blocked
sales_crm_agent,3,security_admin,export_report,finance_erp_api,financial_record,4,1,47,0,84,0,0,1,Needs_Human_Approval
sales_crm_agent,3,employee,update_record,hris_api,system_config,4,0,77,0,64,1,1,1,Blocked
sales_crm_agent,4,manager,export_report,finance_erp_api,support_ticket,2,0,62,0,68,0,0,1,Blocked
customer_support_agent,1,employee,search_records,crm_api,public_knowledge_base,1,0,23,0,17,0,5,1,Blocked
it_helpdesk_agent,2,analyst,read_record,email_api,public_knowledge_base,1,1,2,0,25,0,0,1,Allowed
it_helpdesk_agent,1,service_account,search_records,crm_api,payroll_record,5,0,62,0,68,1,2,1,Blocked
data_analytics_agent,4,service_account,export_report,siem_api,invoice,3,1,52,0,55,0,0,1,Allowed
hr_onboarding_agent,2,service_account,update_record,finance_erp_api,source_code_repo,4,0,74,0,59,1,0,1,Blocked
security_monitoring_agent,3,employee,read_record,hris_api,sales_pipeline,3,0,39,0,35,0,2,1,Blocked
hr_onboarding_agent,3,analyst,download_file,finance_erp_api,customer_profile,3,0,100,1,80,1,8,1,Blocked
finance_reconciliation_agent,3,security_admin,read_record,finance_erp_api,access_policy,5,1,30,0,70,1,0,1,Needs_Human_Approval
it_helpdesk_agent,3,employee,read_record,hris_api,sales_pipeline,3,0,44,0,55,0,1,1,Blocked
customer_support_agent,4,vendor,download_file,ticketing_api,financial_record,4,0,100,0,87,1,2,1,Blocked
sales_crm_agent,3,analyst,update_record,hris_api,public_knowledge_base,1,1,26,0,17,0,0,1,Allowed
data_analytics_agent,5,contractor,update_record,finance_erp_api,financial_record,4,1,66,0,52,1,0,1,Needs_Human_Approval
security_monitoring_agent,2,employee,export_report,file_storage_api,public_knowledge_base,1,0,61,0,50,0,1,0,Blocked
customer_support_agent,4,employee,read_record,file_storage_api,support_ticket,2,0,42,0,45,0,0,1,Blocked
sales_crm_agent,1,service_account,update_record,database_api,financial_record,4,1,52,0,44,0,0,1,Allowed
it_helpdesk_agent,4,admin,search_records,finance_erp_api,invoice,3,1,17,0,41,0,0,1,Allowed
customer_support_agent,3,security_admin,search_records,email_api,customer_profile,2,0,52,0,40,0,2,1,Blocked
sales_crm_agent,4,manager,read_record,finance_erp_api,public_knowledge_base,1,1,5,0,8,0,1,1,Allowed
data_analytics_agent,2,service_account,create_ticket,ticketing_api,public_knowledge_base,1,0,11,0,32,0,0,1,Blocked
data_analytics_agent,5,analyst,run_script,email_api,sales_pipeline,3,0,100,0,61,1,2,1,Blocked
customer_support_agent,3,security_admin,read_record,ticketing_api,customer_profile,3,0,42,0,46,0,0,1,Blocked
sales_crm_agent,2,contractor,search_records,ticketing_api,invoice,3,0,34,0,43,0,0,1,Blocked
security_monitoring_agent,3,vendor,export_report,crm_api,sales_pipeline,3,0,70,0,57,1,0,1,Blocked
sales_crm_agent,2,service_account,download_file,finance_erp_api,system_config,4,0,73,0,68,1,0,1,Blocked
sales_crm_agent,5,contractor,read_record,hris_api,invoice,3,1,22,0,30,0,1,1,Allowed
procurement_agent,3,employee,approve_payment,crm_api,system_config,4,0,100,0,43,1,0,1,Blocked
legal_contract_agent,3,service_account,search_records,finance_erp_api,support_ticket,2,1,6,0,34,0,0,1,Allowed
procurement_agent,3,analyst,run_script,devops_ci_api,invoice,3,0,100,0,47,1,1,1,Blocked
security_monitoring_agent,4,analyst,read_record,database_api,audit_log,4,0,66,0,62,0,4,1,Blocked
data_analytics_agent,4,employee,delete_record,crm_api,access_policy,5,0,100,0,60,1,1,1,Blocked
devops_release_agent,3,security_admin,read_record,database_api,audit_log,4,1,21,0,48,0,0,1,Allowed
hr_onboarding_agent,4,guest,export_report,crm_api,public_knowledge_base,1,0,57,0,52,0,2,1,Blocked
it_helpdesk_agent,1,employee,read_record,crm_api,access_policy,5,1,35,0,54,1,0,1,Needs_Human_Approval
procurement_agent,4,employee,read_record,database_api,system_config,4,0,52,0,53,0,0,1,Blocked
finance_reconciliation_agent,3,admin,send_email,email_api,financial_record,4,1,34,0,83,0,0,1,Needs_Human_Approval
legal_contract_agent,4,admin,send_email,email_api,payroll_record,5,0,83,0,100,1,0,1,Blocked
sales_crm_agent,4,employee,read_record,hris_api,payroll_record,5,0,68,0,83,1,2,1,Blocked
security_monitoring_agent,4,admin,export_report,email_api,financial_record,4,1,47,0,88,0,0,1,Blocked
executive_assistant_agent,2,contractor,read_record,crm_api,support_ticket,2,0,33,0,42,0,0,1,Blocked
security_monitoring_agent,4,contractor,delete_record,database_api,sales_pipeline,2,0,99,0,37,1,0,1,Blocked
finance_reconciliation_agent,4,manager,update_record,hris_api,invoice,3,0,66,0,50,1,0,1,Blocked
legal_contract_agent,4,employee,read_record,crm_api,financial_record,4,0,55,0,49,0,0,1,Blocked
finance_reconciliation_agent,3,employee,update_record,ticketing_api,support_ticket,2,0,55,0,38,0,0,1,Blocked
executive_assistant_agent,4,admin,create_ticket,ticketing_api,customer_profile,3,1,16,0,32,0,0,0,Allowed
sales_crm_agent,5,employee,send_email,email_api,invoice,3,0,49,0,63,0,0,1,Blocked
procurement_agent,4,manager,download_file,database_api,invoice,3,1,50,0,47,0,0,1,Allowed
customer_support_agent,3,contractor,create_ticket,ticketing_api,financial_record,4,0,76,1,92,1,0,1,Blocked
it_helpdesk_agent,3,employee,create_ticket,ticketing_api,public_knowledge_base,1,1,2,0,20,0,0,1,Allowed
data_analytics_agent,3,analyst,export_report,finance_erp_api,access_policy,5,0,86,0,84,1,0,1,Blocked
hr_onboarding_agent,3,employee,read_record,contract_repository_api,employee_file,3,1,11,0,40,0,0,1,Allowed
it_helpdesk_agent,2,contractor,read_record,finance_erp_api,invoice,3,1,10,0,32,0,0,1,Allowed
hr_onboarding_agent,5,service_account,view_audit_log,ticketing_api,sales_pipeline,3,1,54,0,27,0,1,1,Allowed
data_analytics_agent,2,contractor,read_record,file_storage_api,customer_profile,3,0,42,0,48,0,1,0,Blocked
it_helpdesk_agent,3,employee,send_email,database_api,invoice,3,0,72,0,63,1,2,1,Blocked
it_helpdesk_agent,2,manager,search_records,ticketing_api,api_key_secret,5,1,42,0,60,1,0,1,Needs_Human_Approval
finance_reconciliation_agent,1,employee,read_record,hris_api,audit_log,4,1,28,0,28,0,3,1,Allowed
customer_support_agent,3,manager,read_record,crm_api,employee_file,4,0,64,0,64,0,4,1,Blocked
data_analytics_agent,3,employee,approve_payment,finance_erp_api,sales_pipeline,3,1,78,0,22,1,0,1,Needs_Human_Approval
finance_reconciliation_agent,3,analyst,send_email,database_api,audit_log,4,0,75,0,74,1,1,1,Blocked
customer_support_agent,3,manager,update_record,crm_api,sales_pipeline,3,0,71,0,35,1,0,1,Blocked
legal_contract_agent,3,manager,send_email,email_api,access_policy,5,0,70,0,99,1,0,1,Blocked
procurement_agent,2,employee,update_record,ticketing_api,customer_profile,3,0,63,0,42,0,0,1,Blocked
finance_reconciliation_agent,4,manager,download_file,contract_repository_api,public_knowledge_base,1,0,49,0,65,0,0,1,Blocked
procurement_agent,4,analyst,approve_payment,database_api,customer_profile,3,0,100,0,45,1,5,1,Blocked
procurement_agent,3,analyst,read_record,hris_api,system_config,4,1,38,0,43,0,0,0,Allowed
legal_contract_agent,3,employee,send_email,email_api,financial_record,4,0,68,0,99,1,2,1,Blocked
it_helpdesk_agent,1,security_admin,read_record,hris_api,employee_file,4,1,2,0,55,0,0,1,Allowed
customer_support_agent,2,analyst,search_records,ticketing_api,invoice,3,1,11,0,37,0,0,1,Allowed
procurement_agent,2,contractor,search_records,database_api,payroll_record,5,0,60,0,81,1,2,1,Blocked
finance_reconciliation_agent,3,employee,download_file,file_storage_api,invoice,3,1,35,0,69,0,0,1,Needs_Human_Approval
finance_reconciliation_agent,2,guest,search_records,crm_api,audit_log,4,0,48,0,60,0,0,1,Blocked
devops_release_agent,3,manager,read_record,contract_repository_api,audit_log,4,1,28,0,44,0,0,1,Allowed
data_analytics_agent,3,manager,search_records,siem_api,contract_document,3,0,49,0,42,0,2,1,Blocked
sales_crm_agent,2,employee,approve_payment,ticketing_api,payroll_record,5,0,100,0,76,1,1,1,Blocked
devops_release_agent,1,employee,read_record,file_storage_api,sales_pipeline,3,0,38,0,50,0,1,1,Blocked
finance_reconciliation_agent,3,contractor,read_record,file_storage_api,contract_document,3,0,39,0,56,0,2,1,Blocked
customer_support_agent,5,security_admin,search_records,file_storage_api,access_policy,5,0,87,0,78,1,2,1,Blocked
security_monitoring_agent,2,contractor,update_record,ticketing_api,support_ticket,2,0,100,1,66,1,5,1,Blocked
customer_support_agent,2,employee,read_record,contract_repository_api,sales_pipeline,3,1,11,0,29,0,0,1,Allowed
finance_reconciliation_agent,4,employee,send_email,email_api,support_ticket,2,1,59,1,83,0,2,1,Blocked
finance_reconciliation_agent,3,employee,send_email,email_api,audit_log,4,0,79,0,85,1,0,0,Blocked
hr_onboarding_agent,4,employee,download_file,file_storage_api,financial_record,4,0,75,0,96,1,0,1,Blocked
sales_crm_agent,4,employee,sync_external_app,crm_api,sales_pipeline,3,0,94,0,67,1,0,1,Blocked
hr_onboarding_agent,5,security_admin,read_record,contract_repository_api,financial_record,4,1,32,0,61,0,0,1,Allowed
sales_crm_agent,4,contractor,read_record,crm_api,public_knowledge_base,1,1,15,0,17,0,0,1,Allowed
data_analytics_agent,3,service_account,send_email,email_api,access_policy,5,0,73,0,81,1,0,1,Blocked
customer_support_agent,3,manager,create_ticket,ticketing_api,employee_file,4,1,29,0,60,0,1,1,Allowed
devops_release_agent,3,service_account,download_file,ticketing_api,audit_log,4,0,90,0,67,1,0,1,Blocked
customer_support_agent,4,employee,send_email,email_api,invoice,4,1,39,0,74,0,0,1,Needs_Human_Approval
security_monitoring_agent,3,employee,change_permission,identity_provider_api,support_ticket,2,0,100,0,36,1,0,0,Blocked
executive_assistant_agent,2,admin,read_record,database_api,financial_record,4,0,44,0,67,0,1,1,Blocked
it_helpdesk_agent,2,manager,send_email,email_api,access_policy,5,1,50,0,88,1,4,1,Blocked
finance_reconciliation_agent,4,manager,send_email,email_api,public_knowledge_base,1,1,17,0,45,0,0,1,Allowed
it_helpdesk_agent,3,analyst,run_script,database_api,customer_profile,3,0,100,0,43,1,3,1,Blocked
devops_release_agent,4,analyst,approve_payment,crm_api,invoice,3,0,100,0,51,1,1,1,Blocked
customer_support_agent,3,analyst,read_record,email_api,support_ticket,2,0,40,0,59,0,0,1,Blocked
data_analytics_agent,3,admin,read_record,database_api,payroll_record,5,0,61,0,61,1,0,1,Blocked
sales_crm_agent,2,analyst,send_email,email_api,customer_profile,3,1,22,0,67,0,1,1,Needs_Human_Approval
finance_reconciliation_agent,3,analyst,download_file,file_storage_api,customer_profile,3,1,41,0,69,0,0,1,Needs_Human_Approval
hr_onboarding_agent,2,employee,search_records,crm_api,financial_record,4,0,48,0,68,0,0,1,Blocked
it_helpdesk_agent,3,vendor,update_record,email_api,invoice,3,0,100,1,72,1,1,1,Blocked
finance_reconciliation_agent,1,employee,read_record,database_api,support_ticket,2,1,2,0,28,0,1,1,Allowed
data_analytics_agent,1,employee,delete_record,finance_erp_api,financial_record,4,0,100,0,69,1,0,1,Blocked
it_helpdesk_agent,3,employee,search_records,database_api,customer_profile,3,0,23,0,45,1,0,1,Blocked
it_helpdesk_agent,5,employee,sync_external_app,hris_api,source_code_repo,4,0,100,0,77,1,0,1,Blocked
customer_support_agent,3,employee,search_records,ticketing_api,contract_document,4,1,22,0,56,0,0,1,Allowed
executive_assistant_agent,4,employee,download_file,file_storage_api,access_policy,5,0,94,0,93,1,3,1,Blocked
customer_support_agent,4,analyst,search_records,hris_api,sales_pipeline,3,0,41,0,51,0,2,1,Blocked
hr_onboarding_agent,4,employee,search_records,ticketing_api,support_ticket,2,0,35,0,35,0,2,1,Blocked
customer_support_agent,4,guest,download_file,database_api,customer_profile,3,1,82,1,82,1,0,1,Blocked
customer_support_agent,3,guest,search_records,hris_api,invoice,3,1,41,0,35,0,4,1,Allowed
finance_reconciliation_agent,4,employee,search_records,hris_api,customer_profile,3,0,53,0,52,0,4,1,Blocked
customer_support_agent,2,analyst,search_records,database_api,sales_pipeline,2,1,9,0,35,0,0,1,Allowed
hr_onboarding_agent,3,employee,create_ticket,file_storage_api,payroll_record,5,0,68,0,78,1,1,1,Blocked
finance_reconciliation_agent,3,vendor,send_email,email_api,access_policy,5,0,77,0,100,1,0,1,Blocked
devops_release_agent,3,employee,run_script,devops_ci_api,audit_log,4,1,98,0,44,1,1,1,Blocked
hr_onboarding_agent,2,vendor,send_email,email_api,customer_profile,3,0,70,0,75,1,3,1,Blocked
customer_support_agent,3,guest,approve_payment,finance_erp_api,public_knowledge_base,1,1,57,0,31,1,0,1,Needs_Human_Approval
it_helpdesk_agent,4,admin,send_email,email_api,financial_record,4,0,72,0,99,1,1,1,Blocked
security_monitoring_agent,3,contractor,update_record,database_api,sales_pipeline,3,0,72,0,50,1,0,1,Blocked
procurement_agent,4,analyst,update_record,ticketing_api,financial_record,4,1,76,0,46,1,3,1,Needs_Human_Approval
it_helpdesk_agent,4,manager,read_record,file_storage_api,public_knowledge_base,1,1,6,0,25,0,0,1,Allowed
finance_reconciliation_agent,4,analyst,search_records,database_api,sales_pipeline,3,1,15,0,39,0,0,1,Allowed
hr_onboarding_agent,4,guest,send_email,email_api,access_policy,5,0,82,0,95,1,0,1,Blocked
sales_crm_agent,3,admin,run_script,devops_ci_api,customer_profile,3,1,100,1,68,0,1,1,Blocked
hr_onboarding_agent,2,admin,search_records,ticketing_api,payroll_record,5,1,19,0,61,1,0,1,Needs_Human_Approval
executive_assistant_agent,2,employee,read_record,crm_api,financial_record,4,0,62,0,75,0,8,0,Blocked
security_monitoring_agent,4,vendor,run_script,devops_ci_api,public_knowledge_base,1,0,100,0,29,1,2,1,Blocked
sales_crm_agent,4,manager,create_ticket,ticketing_api,audit_log,4,0,56,0,52,0,4,1,Blocked
sales_crm_agent,2,analyst,send_email,hris_api,support_ticket,2,1,26,0,48,0,0,1,Allowed
customer_support_agent,3,contractor,send_email,email_api,access_policy,5,0,65,0,97,1,0,1,Blocked
devops_release_agent,4,admin,read_record,contract_repository_api,contract_document,3,0,51,0,50,0,5,1,Blocked
customer_support_agent,4,service_account,read_record,crm_api,payroll_record,5,0,63,0,78,1,0,1,Blocked
customer_support_agent,3,manager,search_records,file_storage_api,invoice,3,0,49,0,67,1,2,1,Blocked
procurement_agent,2,employee,read_record,finance_erp_api,access_policy,5,0,100,1,82,1,5,1,Blocked
finance_reconciliation_agent,4,analyst,change_permission,identity_provider_api,support_ticket,2,0,100,0,36,1,0,0,Blocked
executive_assistant_agent,4,manager,send_email,email_api,system_config,4,0,65,0,86,1,1,1,Blocked
customer_support_agent,3,security_admin,update_record,identity_provider_api,source_code_repo,4,0,90,0,54,1,1,1,Blocked
data_analytics_agent,4,service_account,update_record,database_api,system_config,4,0,81,0,62,1,0,1,Blocked
executive_assistant_agent,2,guest,download_file,crm_api,employee_file,4,0,85,0,78,1,1,1,Blocked
customer_support_agent,3,employee,search_records,database_api,public_knowledge_base,1,1,2,0,19,0,1,1,Allowed
customer_support_agent,3,analyst,update_record,crm_api,support_ticket,2,0,62,0,32,0,0,1,Blocked
data_analytics_agent,5,employee,read_record,crm_api,public_knowledge_base,1,0,26,0,36,0,0,1,Blocked
sales_crm_agent,4,service_account,download_file,file_storage_api,public_knowledge_base,1,1,24,0,36,0,1,1,Allowed
customer_support_agent,5,employee,read_record,hris_api,customer_profile,3,1,37,0,24,1,1,1,Needs_Human_Approval
hr_onboarding_agent,3,employee,update_record,database_api,source_code_repo,4,1,57,0,43,0,1,1,Allowed
data_analytics_agent,5,vendor,export_report,siem_api,public_knowledge_base,2,0,73,0,67,1,2,1,Blocked
it_helpdesk_agent,2,employee,read_record,siem_api,public_knowledge_base,1,1,2,0,17,0,0,1,Allowed
data_analytics_agent,5,analyst,read_record,finance_erp_api,public_knowledge_base,1,0,32,0,30,0,2,1,Blocked
legal_contract_agent,2,vendor,send_email,email_api,invoice,3,0,59,0,77,0,1,1,Blocked
it_helpdesk_agent,5,employee,delete_record,hris_api,employee_file,4,0,100,0,60,1,0,1,Blocked
customer_support_agent,2,manager,read_record,crm_api,customer_profile,4,1,23,0,44,0,1,1,Allowed
finance_reconciliation_agent,1,manager,read_record,ticketing_api,support_ticket,2,0,47,0,31,1,1,0,Blocked
procurement_agent,3,employee,read_record,crm_api,payroll_record,4,0,56,0,68,0,2,1,Blocked
customer_support_agent,4,service_account,read_record,finance_erp_api,employee_file,3,0,47,0,47,0,0,1,Blocked
finance_reconciliation_agent,4,manager,read_record,hris_api,financial_record,4,1,31,0,40,0,0,1,Allowed
sales_crm_agent,1,security_admin,update_record,finance_erp_api,invoice,3,0,58,0,47,0,0,1,Blocked
legal_contract_agent,3,service_account,sync_external_app,database_api,public_knowledge_base,1,1,60,0,34,0,0,1,Needs_Human_Approval
hr_onboarding_agent,2,employee,export_report,file_storage_api,payroll_record,5,0,97,0,100,1,0,1,Blocked
customer_support_agent,4,manager,approve_payment,finance_erp_api,audit_log,4,1,92,0,49,1,2,1,Blocked
security_monitoring_agent,2,contractor,export_report,finance_erp_api,invoice,3,0,64,0,67,0,2,1,Blocked
finance_reconciliation_agent,3,employee,create_ticket,ticketing_api,public_knowledge_base,1,0,9,0,22,0,1,1,Blocked
customer_support_agent,3,manager,search_records,finance_erp_api,support_ticket,2,1,2,0,26,0,0,1,Allowed
hr_onboarding_agent,3,admin,send_email,email_api,invoice,3,0,54,0,68,0,0,1,Blocked
data_analytics_agent,4,service_account,download_file,file_storage_api,contract_document,3,0,75,0,96,1,3,1,Blocked
data_analytics_agent,3,employee,export_report,crm_api,sales_pipeline,3,1,54,0,75,0,0,0,Needs_Human_Approval
legal_contract_agent,5,analyst,read_record,database_api,financial_record,4,0,61,0,66,0,0,1,Blocked
finance_reconciliation_agent,1,service_account,run_script,finance_erp_api,customer_profile,3,1,91,0,24,0,0,1,Blocked
it_helpdesk_agent,3,employee,search_records,email_api,customer_profile,3,0,47,0,66,0,0,1,Blocked
sales_crm_agent,2,manager,run_script,devops_ci_api,contract_document,3,0,100,0,37,1,0,1,Blocked
customer_support_agent,3,manager,send_email,email_api,public_knowledge_base,1,1,22,0,54,0,0,1,Allowed
data_analytics_agent,3,analyst,read_record,crm_api,public_knowledge_base,1,0,18,0,26,0,0,1,Blocked
sales_crm_agent,2,contractor,send_email,email_api,customer_profile,3,1,49,1,81,0,0,1,Needs_Human_Approval
customer_support_agent,3,employee,run_script,devops_ci_api,source_code_repo,4,0,100,0,53,1,2,0,Blocked
hr_onboarding_agent,3,employee,read_record,file_storage_api,source_code_repo,4,0,50,0,69,0,2,1,Blocked
sales_crm_agent,3,guest,download_file,database_api,public_knowledge_base,1,1,23,0,40,0,1,1,Allowed
executive_assistant_agent,4,service_account,delete_record,crm_api,contract_document,3,1,82,0,39,1,0,1,Blocked
procurement_agent,1,manager,send_email,email_api,invoice,3,1,18,0,68,0,0,1,Needs_Human_Approval
customer_support_agent,2,contractor,read_record,finance_erp_api,system_config,4,0,53,0,56,0,3,1,Blocked
hr_onboarding_agent,3,manager,export_report,siem_api,financial_record,4,0,94,1,100,1,1,1,Blocked
it_helpdesk_agent,4,admin,read_record,file_storage_api,employee_file,4,0,74,0,68,1,6,1,Blocked
data_analytics_agent,4,employee,delete_record,database_api,public_knowledge_base,1,0,85,0,20,1,0,1,Blocked
finance_reconciliation_agent,3,vendor,create_ticket,ticketing_api,api_key_secret,5,0,88,1,86,1,4,1,Blocked
customer_support_agent,4,analyst,create_ticket,finance_erp_api,contract_document,3,0,59,0,49,0,2,1,Blocked
sales_crm_agent,2,analyst,read_record,file_storage_api,invoice,3,1,17,0,52,0,1,1,Allowed
finance_reconciliation_agent,4,service_account,send_email,email_api,support_ticket,2,1,55,1,82,0,0,1,Blocked
procurement_agent,3,service_account,export_report,siem_api,source_code_repo,4,0,76,0,78,1,2,1,Blocked
customer_support_agent,3,security_admin,update_record,database_api,support_ticket,2,1,43,0,36,0,2,1,Allowed
security_monitoring_agent,4,vendor,approve_payment,finance_erp_api,invoice,3,0,100,0,46,0,2,1,Blocked
customer_support_agent,5,manager,approve_payment,database_api,source_code_repo,4,0,100,0,48,1,2,1,Blocked
hr_onboarding_agent,4,manager,send_email,email_api,audit_log,4,0,64,0,95,0,1,1,Blocked
legal_contract_agent,2,employee,read_record,contract_repository_api,customer_profile,3,0,32,0,53,0,1,1,Blocked
sales_crm_agent,3,employee,update_record,hris_api,sales_pipeline,3,1,56,0,44,0,0,1,Allowed
it_helpdesk_agent,2,employee,update_record,database_api,employee_file,4,0,83,0,60,1,2,1,Blocked
finance_reconciliation_agent,2,employee,approve_payment,finance_erp_api,source_code_repo,4,1,85,0,46,1,2,1,Blocked
customer_support_agent,2,contractor,change_permission,identity_provider_api,payroll_record,5,0,100,0,63,1,2,1,Blocked
security_monitoring_agent,4,guest,export_report,devops_ci_api,public_knowledge_base,1,0,64,0,57,0,1,1,Blocked
customer_support_agent,3,manager,approve_payment,finance_erp_api,payroll_record,4,0,100,0,77,1,0,1,Blocked
sales_crm_agent,2,analyst,send_email,email_api,system_config,4,0,54,0,89,0,0,1,Blocked
data_analytics_agent,4,employee,download_file,database_api,public_knowledge_base,1,0,49,0,67,0,0,1,Blocked
sales_crm_agent,5,contractor,send_email,email_api,sales_pipeline,3,1,42,0,66,0,1,1,Needs_Human_Approval
customer_support_agent,3,vendor,send_email,email_api,financial_record,4,0,70,0,95,1,0,1,Blocked
sales_crm_agent,4,manager,send_email,email_api,customer_profile,3,1,47,0,60,0,5,1,Allowed
customer_support_agent,3,employee,read_record,crm_api,payroll_record,5,0,62,0,70,1,2,0,Blocked
it_helpdesk_agent,3,admin,search_records,hris_api,public_knowledge_base,1,1,2,0,26,0,0,1,Allowed
sales_crm_agent,1,employee,search_records,email_api,audit_log,5,0,56,0,75,1,0,1,Blocked
procurement_agent,3,contractor,export_report,crm_api,sales_pipeline,3,1,56,0,57,0,0,0,Allowed
customer_support_agent,2,guest,export_report,finance_erp_api,payroll_record,5,0,89,0,96,1,3,1,Blocked
hr_onboarding_agent,3,employee,search_records,file_storage_api,invoice,3,0,68,0,58,1,8,1,Blocked
it_helpdesk_agent,3,security_admin,update_record,ticketing_api,financial_record,4,1,57,0,41,0,0,1,Allowed
it_helpdesk_agent,3,analyst,export_report,database_api,customer_profile,3,0,78,0,52,0,3,1,Blocked
it_helpdesk_agent,5,manager,run_script,devops_ci_api,financial_record,4,1,100,1,67,1,3,1,Blocked
sales_crm_agent,2,admin,update_record,hris_api,financial_record,4,1,49,0,57,0,0,1,Allowed
customer_support_agent,4,employee,download_file,contract_repository_api,customer_profile,3,1,35,0,62,0,0,1,Allowed
devops_release_agent,5,contractor,search_records,hris_api,financial_record,4,0,66,0,62,1,2,1,Blocked
sales_crm_agent,4,employee,read_record,siem_api,payroll_record,5,0,88,0,85,1,6,1,Blocked
finance_reconciliation_agent,4,service_account,create_ticket,ticketing_api,payroll_record,5,1,36,0,53,1,1,1,Needs_Human_Approval
it_helpdesk_agent,1,analyst,update_record,finance_erp_api,financial_record,4,0,68,0,59,1,0,1,Blocked
security_monitoring_agent,4,service_account,update_record,ticketing_api,customer_profile,3,1,69,0,33,1,0,0,Needs_Human_Approval
customer_support_agent,3,vendor,download_file,file_storage_api,financial_record,4,0,74,0,94,1,0,1,Blocked
procurement_agent,4,manager,send_email,file_storage_api,customer_profile,3,1,44,0,65,0,0,1,Needs_Human_Approval
security_monitoring_agent,3,analyst,download_file,database_api,customer_profile,3,0,60,0,74,0,1,1,Blocked
sales_crm_agent,2,analyst,export_report,database_api,support_ticket,2,0,60,0,54,0,4,1,Blocked
devops_release_agent,4,admin,export_report,database_api,public_knowledge_base,1,1,18,0,34,0,0,1,Allowed
legal_contract_agent,4,admin,update_record,finance_erp_api,sales_pipeline,3,0,90,0,57,1,3,1,Blocked
procurement_agent,2,admin,create_ticket,file_storage_api,payroll_record,5,0,58,0,87,1,1,1,Blocked
customer_support_agent,3,analyst,search_records,hris_api,financial_record,5,0,64,0,70,1,2,1,Blocked
security_monitoring_agent,4,analyst,export_report,finance_erp_api,financial_record,4,0,85,0,88,1,6,1,Blocked
security_monitoring_agent,5,guest,create_ticket,ticketing_api,api_key_secret,5,0,68,0,61,1,1,1,Blocked
hr_onboarding_agent,4,manager,download_file,file_storage_api,public_knowledge_base,1,0,39,0,62,0,2,1,Blocked
security_monitoring_agent,4,service_account,read_record,identity_provider_api,payroll_record,5,1,64,0,57,1,0,0,Needs_Human_Approval
procurement_agent,2,admin,read_record,hris_api,invoice,3,1,6,0,36,0,0,1,Allowed
sales_crm_agent,4,service_account,update_record,ticketing_api,invoice,3,1,53,0,37,0,0,1,Allowed
finance_reconciliation_agent,3,service_account,run_script,database_api,support_ticket,3,0,100,0,40,1,0,1,Blocked
devops_release_agent,4,employee,search_records,finance_erp_api,employee_file,4,0,54,0,71,0,0,1,Blocked
customer_support_agent,4,contractor,update_record,ticketing_api,source_code_repo,4,0,100,1,76,1,1,1,Blocked
sales_crm_agent,3,employee,run_script,devops_ci_api,public_knowledge_base,1,1,73,0,17,1,0,1,Needs_Human_Approval
devops_release_agent,4,employee,send_email,email_api,customer_profile,3,0,65,0,77,1,0,1,Blocked
customer_support_agent,1,manager,search_records,crm_api,public_knowledge_base,1,1,2,0,19,0,0,1,Allowed
data_analytics_agent,1,employee,search_records,ticketing_api,api_key_secret,5,0,56,0,74,1,2,1,Blocked
finance_reconciliation_agent,2,vendor,read_record,hris_api,support_ticket,2,0,45,0,44,0,3,1,Blocked
devops_release_agent,1,employee,read_record,hris_api,payroll_record,4,0,38,0,44,0,1,1,Blocked
it_helpdesk_agent,3,analyst,create_ticket,ticketing_api,payroll_record,5,0,63,0,81,1,0,0,Blocked
customer_support_agent,2,vendor,export_report,crm_api,customer_profile,3,1,88,1,73,1,2,1,Blocked
hr_onboarding_agent,4,guest,run_script,devops_ci_api,public_knowledge_base,1,1,92,0,15,1,0,0,Blocked
it_helpdesk_agent,1,employee,download_file,database_api,public_knowledge_base,1,0,28,0,51,0,2,1,Blocked
data_analytics_agent,4,contractor,read_record,crm_api,customer_profile,3,0,43,0,55,1,0,1,Blocked
it_helpdesk_agent,3,admin,create_ticket,ticketing_api,financial_record,4,0,86,1,89,1,3,1,Blocked
customer_support_agent,3,contractor,update_record,crm_api,customer_profile,3,1,54,0,38,0,2,1,Allowed
hr_onboarding_agent,2,employee,send_email,email_api,sales_pipeline,3,0,60,0,80,0,1,1,Blocked
data_analytics_agent,1,employee,search_records,hris_api,api_key_secret,5,0,51,0,76,1,1,1,Blocked
customer_support_agent,2,manager,view_audit_log,identity_provider_api,public_knowledge_base,1,1,2,0,16,0,0,1,Allowed
data_analytics_agent,2,employee,download_file,database_api,sales_pipeline,3,1,49,0,58,0,0,1,Allowed
customer_support_agent,4,manager,download_file,contract_repository_api,sales_pipeline,3,0,60,0,69,0,2,1,Blocked
sales_crm_agent,4,employee,export_report,siem_api,employee_file,4,0,85,0,79,1,3,1,Blocked
finance_reconciliation_agent,3,analyst,search_records,ticketing_api,access_policy,5,0,55,0,58,1,0,1,Blocked
finance_reconciliation_agent,4,employee,read_record,crm_api,support_ticket,2,0,39,0,46,0,0,1,Blocked
hr_onboarding_agent,4,service_account,delete_record,finance_erp_api,customer_profile,3,0,100,0,45,0,6,1,Blocked
security_monitoring_agent,4,manager,read_record,database_api,support_ticket,2,1,24,0,25,0,2,1,Allowed
legal_contract_agent,2,analyst,delete_record,finance_erp_api,customer_profile,3,0,100,0,65,1,2,1,Blocked
customer_support_agent,4,employee,search_records,finance_erp_api,sales_pipeline,3,0,44,0,48,1,0,1,Blocked
procurement_agent,4,security_admin,read_record,contract_repository_api,contract_document,3,1,10,0,43,0,0,1,Allowed
data_analytics_agent,3,manager,search_records,database_api,audit_log,4,0,46,0,59,0,0,1,Blocked
customer_support_agent,4,employee,search_records,identity_provider_api,employee_file,4,0,64,0,65,0,2,1,Blocked
security_monitoring_agent,4,guest,search_records,finance_erp_api,customer_profile,3,0,44,0,50,0,0,1,Blocked
customer_support_agent,5,vendor,export_report,finance_erp_api,invoice,3,0,84,0,69,1,0,1,Blocked
hr_onboarding_agent,5,analyst,search_records,ticketing_api,system_config,4,1,25,0,38,0,0,1,Allowed
hr_onboarding_agent,2,analyst,run_script,devops_ci_api,invoice,3,0,100,0,53,1,0,1,Blocked
hr_onboarding_agent,3,employee,send_email,email_api,customer_profile,3,0,49,0,89,0,0,1,Blocked
finance_reconciliation_agent,3,analyst,create_ticket,ticketing_api,employee_file,4,0,33,0,61,0,1,1,Blocked
customer_support_agent,3,guest,update_record,crm_api,system_config,4,0,84,0,59,1,0,1,Blocked
it_helpdesk_agent,4,employee,search_records,hris_api,customer_profile,3,0,38,0,47,0,1,1,Blocked
hr_onboarding_agent,3,employee,download_file,database_api,customer_profile,3,0,62,0,72,0,0,1,Blocked
data_analytics_agent,3,manager,send_email,email_api,invoice,3,0,70,0,70,1,6,1,Blocked
it_helpdesk_agent,4,vendor,delete_record,external_webhook,invoice,4,0,100,0,60,1,2,1,Blocked
security_monitoring_agent,3,contractor,create_ticket,database_api,employee_file,4,0,54,0,64,0,0,1,Blocked
security_monitoring_agent,1,analyst,send_email,email_api,support_ticket,2,0,40,0,73,0,1,1,Blocked
procurement_agent,3,vendor,download_file,database_api,source_code_repo,5,0,100,1,98,1,3,1,Blocked
it_helpdesk_agent,4,service_account,download_file,file_storage_api,support_ticket,2,1,39,0,55,0,0,1,Allowed
customer_support_agent,2,contractor,update_record,ticketing_api,support_ticket,2,0,62,0,31,1,6,1,Blocked
devops_release_agent,1,service_account,update_record,crm_api,financial_record,5,0,83,0,84,1,0,1,Blocked
it_helpdesk_agent,4,security_admin,export_report,siem_api,invoice,3,1,55,0,44,0,0,0,Allowed
finance_reconciliation_agent,3,employee,export_report,file_storage_api,sales_pipeline,3,1,67,0,55,1,0,1,Needs_Human_Approval
finance_reconciliation_agent,4,admin,search_records,finance_erp_api,support_ticket,2,0,23,0,30,0,0,1,Blocked
customer_support_agent,3,contractor,update_record,database_api,sales_pipeline,2,0,70,0,42,1,4,1,Blocked
it_helpdesk_agent,2,employee,search_records,ticketing_api,financial_record,4,0,50,0,67,0,0,1,Blocked
customer_support_agent,5,guest,export_report,finance_erp_api,invoice,3,0,93,0,64,1,1,0,Blocked
it_helpdesk_agent,3,contractor,change_permission,database_api,customer_profile,3,0,100,0,45,1,0,1,Blocked
data_analytics_agent,4,employee,search_records,siem_api,customer_profile,3,1,31,0,34,0,0,1,Allowed
sales_crm_agent,2,analyst,send_email,ticketing_api,financial_record,4,0,60,0,83,0,0,1,Blocked
it_helpdesk_agent,3,service_account,send_email,email_api,payroll_record,5,0,69,0,100,1,0,1,Blocked
security_monitoring_agent,4,service_account,send_email,email_api,support_ticket,2,0,54,0,71,0,4,1,Blocked
customer_support_agent,4,contractor,read_record,database_api,employee_file,4,1,38,0,47,0,3,1,Allowed
hr_onboarding_agent,5,manager,export_report,finance_erp_api,public_knowledge_base,1,1,39,0,41,0,2,1,Allowed
data_analytics_agent,3,admin,send_email,file_storage_api,public_knowledge_base,1,1,20,0,59,0,0,1,Allowed
finance_reconciliation_agent,2,contractor,search_records,finance_erp_api,employee_file,4,0,44,0,65,0,0,1,Blocked
sales_crm_agent,4,vendor,sync_external_app,crm_api,customer_profile,3,0,97,0,69,1,0,1,Blocked
it_helpdesk_agent,4,manager,read_record,contract_repository_api,customer_profile,3,0,44,0,48,0,1,1,Blocked
data_analytics_agent,3,service_account,send_email,email_api,payroll_record,5,1,51,0,79,1,0,1,Needs_Human_Approval
finance_reconciliation_agent,1,employee,download_file,file_storage_api,public_knowledge_base,1,0,36,0,50,0,0,1,Blocked
hr_onboarding_agent,1,manager,download_file,database_api,payroll_record,5,1,38,0,89,1,0,1,Blocked
legal_contract_agent,2,guest,search_records,crm_api,api_key_secret,5,0,100,1,100,1,5,1,Blocked
finance_reconciliation_agent,2,guest,create_ticket,ticketing_api,system_config,4,1,28,0,49,0,0,0,Allowed
it_helpdesk_agent,4,employee,create_ticket,siem_api,employee_file,4,0,67,0,66,1,2,0,Blocked
sales_crm_agent,1,admin,read_record,contract_repository_api,support_ticket,2,1,2,0,28,0,2,1,Allowed
security_monitoring_agent,4,vendor,update_record,finance_erp_api,invoice,3,0,79,0,48,1,1,1,Blocked
devops_release_agent,3,analyst,read_record,contract_repository_api,public_knowledge_base,2,0,37,0,43,0,1,0,Blocked
hr_onboarding_agent,3,analyst,create_ticket,ticketing_api,public_knowledge_base,1,0,26,0,29,0,1,0,Blocked
security_monitoring_agent,3,vendor,delete_record,hris_api,support_ticket,3,1,91,0,32,1,5,1,Blocked
sales_crm_agent,2,security_admin,update_record,hris_api,invoice,4,0,79,0,54,1,0,0,Blocked
devops_release_agent,4,vendor,read_record,database_api,financial_record,4,0,73,0,65,1,1,0,Blocked
it_helpdesk_agent,3,analyst,create_ticket,ticketing_api,financial_record,4,0,49,0,74,0,0,1,Blocked
customer_support_agent,3,employee,send_email,email_api,public_knowledge_base,1,1,9,0,48,0,0,1,Allowed
hr_onboarding_agent,2,analyst,download_file,file_storage_api,support_ticket,2,0,53,0,68,0,2,1,Blocked
it_helpdesk_agent,3,manager,update_record,hris_api,system_config,4,1,67,0,40,1,0,0,Needs_Human_Approval
it_helpdesk_agent,4,employee,search_records,hris_api,financial_record,4,0,60,0,57,0,4,1,Blocked
devops_release_agent,2,employee,approve_payment,finance_erp_api,audit_log,4,1,77,0,38,1,1,1,Needs_Human_Approval
it_helpdesk_agent,3,employee,update_record,hris_api,customer_profile,3,0,78,0,54,0,2,1,Blocked
finance_reconciliation_agent,2,analyst,export_report,database_api,public_knowledge_base,1,0,35,0,40,0,0,1,Blocked
devops_release_agent,3,manager,read_record,contract_repository_api,public_knowledge_base,1,0,26,0,24,0,0,1,Blocked
it_helpdesk_agent,4,service_account,update_record,finance_erp_api,public_knowledge_base,1,1,30,0,14,0,1,1,Allowed
security_monitoring_agent,5,contractor,export_report,hris_api,invoice,3,0,80,0,82,1,0,1,Blocked
customer_support_agent,3,contractor,send_email,siem_api,public_knowledge_base,1,0,43,0,51,0,0,1,Blocked
customer_support_agent,5,employee,export_report,crm_api,api_key_secret,5,0,100,0,100,1,0,1,Blocked
it_helpdesk_agent,4,admin,export_report,siem_api,customer_profile,3,1,41,0,44,0,0,1,Allowed
it_helpdesk_agent,3,analyst,export_report,ticketing_api,contract_document,3,0,100,1,89,1,2,1,Blocked
finance_reconciliation_agent,2,manager,search_records,database_api,invoice,3,1,17,0,45,0,0,0,Allowed
it_helpdesk_agent,4,analyst,download_file,file_storage_api,financial_record,3,0,59,0,91,0,0,1,Blocked
customer_support_agent,3,employee,search_records,database_api,access_policy,5,0,50,0,70,1,0,1,Blocked
sales_crm_agent,2,employee,read_record,crm_api,customer_profile,3,1,18,0,20,0,2,1,Allowed
procurement_agent,2,manager,download_file,database_api,financial_record,4,1,51,0,79,0,0,1,Needs_Human_Approval
sales_crm_agent,3,analyst,download_file,file_storage_api,financial_record,4,1,51,0,87,0,0,1,Needs_Human_Approval
finance_reconciliation_agent,3,employee,export_report,database_api,customer_profile,3,1,72,1,77,1,0,1,Blocked
procurement_agent,4,guest,read_record,file_storage_api,source_code_repo,4,1,29,0,49,0,0,1,Allowed
finance_reconciliation_agent,3,manager,export_report,ticketing_api,audit_log,4,1,71,0,71,1,1,1,Needs_Human_Approval
finance_reconciliation_agent,1,vendor,search_records,ticketing_api,api_key_secret,5,0,69,0,58,1,5,1,Blocked
customer_support_agent,3,vendor,search_records,crm_api,sales_pipeline,3,0,46,0,56,0,0,1,Blocked
hr_onboarding_agent,4,analyst,create_ticket,ticketing_api,audit_log,4,0,52,0,51,0,2,1,Blocked
legal_contract_agent,2,employee,approve_payment,finance_erp_api,invoice,3,0,87,0,53,1,0,1,Blocked
it_helpdesk_agent,3,employee,sync_external_app,file_storage_api,contract_document,4,0,97,0,94,1,0,1,Blocked
customer_support_agent,3,admin,read_record,finance_erp_api,customer_profile,3,1,11,0,44,0,0,1,Allowed
hr_onboarding_agent,4,employee,send_email,email_api,contract_document,3,0,59,0,75,0,0,1,Blocked
it_helpdesk_agent,3,employee,approve_payment,finance_erp_api,contract_document,3,0,85,0,43,1,1,1,Blocked
data_analytics_agent,1,employee,run_script,devops_ci_api,system_config,4,0,100,0,60,1,0,0,Blocked
devops_release_agent,1,contractor,update_record,ticketing_api,support_ticket,2,0,53,0,34,0,0,0,Blocked
sales_crm_agent,2,manager,export_report,crm_api,customer_profile,3,0,65,0,70,1,1,1,Blocked
security_monitoring_agent,5,manager,read_record,hris_api,public_knowledge_base,1,0,61,1,52,0,1,1,Blocked
data_analytics_agent,3,employee,update_record,database_api,customer_profile,2,0,54,0,34,0,2,1,Blocked
sales_crm_agent,3,manager,create_ticket,file_storage_api,audit_log,4,1,48,0,50,0,0,0,Allowed
legal_contract_agent,4,manager,search_records,crm_api,audit_log,4,1,34,0,45,0,0,1,Allowed
data_analytics_agent,4,analyst,create_ticket,ticketing_api,support_ticket,2,1,2,0,31,0,0,1,Allowed
customer_support_agent,3,employee,update_record,database_api,support_ticket,2,0,52,0,46,0,0,1,Blocked
sales_crm_agent,2,analyst,read_record,ticketing_api,customer_profile,3,1,15,0,35,0,0,1,Allowed
customer_support_agent,2,employee,read_record,contract_repository_api,support_ticket,2,0,29,0,35,0,0,1,Blocked
sales_crm_agent,5,admin,export_report,hris_api,public_knowledge_base,1,1,34,0,44,0,0,1,Allowed
it_helpdesk_agent,5,contractor,approve_payment,database_api,contract_document,3,1,85,0,56,1,0,1,Blocked
customer_support_agent,3,analyst,export_report,finance_erp_api,payroll_record,5,0,100,1,100,1,3,1,Blocked
it_helpdesk_agent,5,manager,change_permission,identity_provider_api,public_knowledge_base,1,1,93,0,24,1,2,0,Blocked
data_analytics_agent,3,analyst,read_record,contract_repository_api,customer_profile,3,1,31,0,31,0,0,0,Allowed
it_helpdesk_agent,4,employee,download_file,contract_repository_api,customer_profile,3,0,73,0,83,1,0,1,Blocked
security_monitoring_agent,3,contractor,update_record,hris_api,support_ticket,2,0,58,0,45,0,0,1,Blocked
finance_reconciliation_agent,4,employee,download_file,file_storage_api,customer_profile,3,1,83,1,79,1,1,1,Blocked
sales_crm_agent,3,manager,read_record,file_storage_api,customer_profile,3,1,5,0,47,0,1,1,Allowed
it_helpdesk_agent,2,contractor,update_record,identity_provider_api,api_key_secret,5,0,80,0,71,1,0,1,Blocked
finance_reconciliation_agent,4,employee,search_records,database_api,support_ticket,2,0,29,0,34,0,0,0,Blocked
devops_release_agent,2,manager,update_record,hris_api,source_code_repo,4,1,54,0,51,0,0,1,Allowed
procurement_agent,4,analyst,search_records,crm_api,access_policy,5,0,60,0,64,1,0,1,Blocked
it_helpdesk_agent,3,analyst,read_record,crm_api,employee_file,4,0,45,0,62,0,1,1,Blocked
it_helpdesk_agent,3,contractor,search_records,ticketing_api,system_config,4,1,21,0,44,0,1,1,Allowed
procurement_agent,3,admin,read_record,crm_api,customer_profile,2,0,37,0,35,0,1,1,Blocked
data_analytics_agent,3,analyst,download_file,file_storage_api,public_knowledge_base,1,0,45,0,56,0,0,1,Blocked
customer_support_agent,3,manager,search_records,file_storage_api,customer_profile,3,1,45,0,55,0,4,1,Allowed
hr_onboarding_agent,3,analyst,approve_payment,crm_api,support_ticket,2,1,68,0,23,1,0,1,Needs_Human_Approval
it_helpdesk_agent,4,admin,delete_record,crm_api,system_config,4,0,100,0,57,1,2,1,Blocked
it_helpdesk_agent,3,contractor,search_records,finance_erp_api,support_ticket,2,1,2,0,31,0,1,1,Allowed
data_analytics_agent,5,security_admin,send_email,ticketing_api,public_knowledge_base,1,1,24,0,37,0,0,1,Allowed
it_helpdesk_agent,3,manager,search_records,ticketing_api,public_knowledge_base,1,1,17,0,19,0,5,1,Allowed
finance_reconciliation_agent,2,service_account,search_records,crm_api,source_code_repo,4,0,56,0,59,0,2,0,Blocked
it_helpdesk_agent,3,manager,sync_external_app,file_storage_api,public_knowledge_base,1,1,59,0,45,0,0,1,Needs_Human_Approval
finance_reconciliation_agent,3,employee,search_records,finance_erp_api,support_ticket,2,0,35,0,41,0,1,0,Blocked
customer_support_agent,3,analyst,send_email,ticketing_api,customer_profile,3,1,39,0,56,0,0,1,Allowed
it_helpdesk_agent,4,service_account,create_ticket,ticketing_api,sales_pipeline,2,0,32,0,43,0,2,1,Blocked
customer_support_agent,3,employee,send_email,email_api,audit_log,4,0,80,0,79,1,4,1,Blocked
hr_onboarding_agent,3,employee,export_report,database_api,customer_profile,3,0,100,1,85,1,4,1,Blocked
sales_crm_agent,3,vendor,run_script,identity_provider_api,customer_profile,3,1,100,0,35,0,0,1,Blocked
customer_support_agent,3,manager,create_ticket,ticketing_api,access_policy,5,1,28,0,62,1,0,1,Needs_Human_Approval
finance_reconciliation_agent,2,analyst,approve_payment,finance_erp_api,public_knowledge_base,1,1,62,1,41,1,1,1,Blocked
devops_release_agent,2,analyst,download_file,contract_repository_api,customer_profile,3,0,49,0,72,0,0,1,Blocked
procurement_agent,3,analyst,update_record,hris_api,invoice,3,1,51,0,36,1,0,1,Needs_Human_Approval
customer_support_agent,5,contractor,send_email,email_api,access_policy,5,0,84,0,91,1,1,1,Blocked
security_monitoring_agent,3,service_account,read_record,contract_repository_api,access_policy,5,1,42,0,55,1,2,1,Needs_Human_Approval
finance_reconciliation_agent,4,analyst,download_file,database_api,customer_profile,3,0,73,0,70,1,0,0,Blocked
procurement_agent,3,service_account,download_file,database_api,financial_record,4,1,47,0,82,1,1,0,Needs_Human_Approval
it_helpdesk_agent,1,employee,view_audit_log,identity_provider_api,contract_document,3,0,47,0,52,0,1,1,Blocked
customer_support_agent,2,employee,read_record,crm_api,payroll_record,4,1,26,0,60,0,0,1,Allowed
customer_support_agent,4,manager,update_record,crm_api,payroll_record,5,0,96,0,74,1,1,1,Blocked
customer_support_agent,4,employee,approve_payment,finance_erp_api,sales_pipeline,3,0,100,0,43,1,1,1,Blocked
devops_release_agent,4,analyst,update_record,hris_api,support_ticket,2,0,59,0,41,0,0,1,Blocked
finance_reconciliation_agent,1,employee,update_record,finance_erp_api,customer_profile,4,1,48,0,42,0,1,1,Allowed
hr_onboarding_agent,5,employee,export_report,finance_erp_api,system_config,5,0,100,0,93,1,1,0,Blocked
finance_reconciliation_agent,1,analyst,search_records,hris_api,contract_document,3,1,16,0,38,0,0,1,Allowed
security_monitoring_agent,1,analyst,update_record,finance_erp_api,customer_profile,3,1,45,0,32,0,1,1,Allowed
customer_support_agent,2,admin,sync_external_app,external_webhook,system_config,4,0,92,0,85,1,0,1,Blocked
data_analytics_agent,3,guest,search_records,ticketing_api,customer_profile,3,1,33,0,36,0,0,0,Allowed
customer_support_agent,2,manager,search_records,crm_api,support_ticket,2,0,21,0,52,0,1,1,Blocked
it_helpdesk_agent,3,analyst,read_record,finance_erp_api,support_ticket,2,1,22,0,25,0,2,1,Allowed
hr_onboarding_agent,4,employee,read_record,contract_repository_api,financial_record,4,0,53,0,74,0,1,1,Blocked
sales_crm_agent,4,employee,change_permission,identity_provider_api,access_policy,5,0,100,0,70,1,1,1,Blocked
customer_support_agent,1,analyst,create_ticket,ticketing_api,system_config,4,1,26,0,50,0,0,1,Allowed
it_helpdesk_agent,2,manager,search_records,database_api,customer_profile,3,1,22,0,38,0,1,0,Allowed
it_helpdesk_agent,1,security_admin,search_records,file_storage_api,customer_profile,3,1,10,0,39,0,1,1,Allowed
data_analytics_agent,2,employee,download_file,database_api,audit_log,4,0,64,0,77,0,1,1,Blocked
it_helpdesk_agent,4,security_admin,download_file,database_api,customer_profile,3,0,66,0,65,1,0,1,Blocked
customer_support_agent,3,employee,download_file,email_api,invoice,2,1,34,0,59,0,0,1,Allowed
sales_crm_agent,4,admin,export_report,crm_api,support_ticket,2,0,62,0,57,0,0,1,Blocked
security_monitoring_agent,3,manager,export_report,email_api,invoice,3,1,84,0,65,1,4,1,Blocked
sales_crm_agent,5,analyst,export_report,database_api,employee_file,4,0,87,0,80,1,0,1,Blocked
customer_support_agent,3,admin,send_email,file_storage_api,invoice,3,0,54,0,78,0,0,1,Blocked
finance_reconciliation_agent,5,analyst,search_records,email_api,audit_log,4,1,45,0,51,0,0,1,Allowed
finance_reconciliation_agent,3,analyst,read_record,ticketing_api,support_ticket,2,0,39,0,37,0,1,1,Blocked
customer_support_agent,4,service_account,update_record,siem_api,customer_profile,3,1,70,0,36,1,0,1,Needs_Human_Approval
customer_support_agent,3,manager,send_email,email_api,invoice,3,0,48,0,63,0,1,1,Blocked
hr_onboarding_agent,3,employee,change_permission,identity_provider_api,financial_record,4,0,100,0,62,1,4,1,Blocked
it_helpdesk_agent,2,manager,send_email,email_api,sales_pipeline,3,0,56,0,67,0,1,1,Blocked
hr_onboarding_agent,4,contractor,send_email,email_api,customer_profile,3,1,44,0,76,0,0,1,Needs_Human_Approval
it_helpdesk_agent,4,analyst,download_file,file_storage_api,invoice,3,0,71,0,74,1,0,1,Blocked
procurement_agent,5,employee,search_records,database_api,customer_profile,3,0,58,0,37,0,0,0,Blocked
procurement_agent,3,employee,read_record,hris_api,support_ticket,2,1,7,0,30,0,0,1,Allowed
hr_onboarding_agent,3,manager,send_email,hris_api,public_knowledge_base,1,0,56,0,43,0,3,0,Blocked
hr_onboarding_agent,5,employee,download_file,hris_api,invoice,3,0,72,0,72,1,0,1,Blocked
data_analytics_agent,4,service_account,run_script,email_api,access_policy,5,0,100,0,67,1,0,1,Blocked
finance_reconciliation_agent,3,employee,export_report,siem_api,public_knowledge_base,1,0,43,0,53,0,1,1,Blocked
customer_support_agent,5,analyst,send_email,email_api,audit_log,4,0,69,0,86,1,2,1,Blocked
sales_crm_agent,4,service_account,create_ticket,ticketing_api,support_ticket,2,1,6,0,17,0,1,1,Allowed
customer_support_agent,4,employee,sync_external_app,database_api,contract_document,3,0,80,0,56,1,0,1,Blocked
legal_contract_agent,5,vendor,read_record,hris_api,public_knowledge_base,1,0,41,0,27,0,2,1,Blocked
it_helpdesk_agent,3,analyst,download_file,email_api,meeting_notes,2,0,68,0,69,1,1,1,Blocked
data_analytics_agent,4,analyst,search_records,finance_erp_api,source_code_repo,3,0,83,1,79,1,4,1,Blocked
security_monitoring_agent,2,manager,search_records,database_api,public_knowledge_base,1,0,13,0,34,0,0,1,Blocked
hr_onboarding_agent,2,contractor,read_record,hris_api,system_config,4,0,41,0,51,0,1,1,Blocked
customer_support_agent,2,analyst,download_file,finance_erp_api,support_ticket,2,1,48,0,41,0,0,1,Allowed
data_analytics_agent,3,guest,read_record,ticketing_api,financial_record,4,0,72,0,65,1,0,0,Blocked
data_analytics_agent,5,guest,download_file,file_storage_api,access_policy,5,0,100,1,100,1,1,0,Blocked
finance_reconciliation_agent,4,employee,search_records,hris_api,audit_log,4,0,66,0,62,1,2,1,Blocked
devops_release_agent,3,employee,create_ticket,ticketing_api,support_ticket,2,0,34,0,36,0,4,1,Blocked
security_monitoring_agent,3,manager,read_record,database_api,public_knowledge_base,1,0,19,0,27,0,0,1,Blocked
devops_release_agent,3,guest,search_records,database_api,customer_profile,3,1,17,0,36,1,0,1,Needs_Human_Approval
hr_onboarding_agent,4,contractor,download_file,file_storage_api,employee_file,4,1,63,0,86,0,2,1,Needs_Human_Approval
devops_release_agent,3,admin,create_ticket,ticketing_api,employee_file,4,0,46,0,65,0,0,1,Blocked
it_helpdesk_agent,3,service_account,send_email,email_api,support_ticket,2,1,38,0,52,0,1,1,Allowed
it_helpdesk_agent,2,service_account,update_record,ticketing_api,api_key_secret,5,0,77,0,71,1,1,1,Blocked
procurement_agent,4,vendor,read_record,database_api,system_config,4,0,96,1,76,1,1,1,Blocked
it_helpdesk_agent,4,service_account,send_email,email_api,support_ticket,2,1,32,0,62,0,2,1,Allowed
hr_onboarding_agent,4,analyst,send_email,email_api,public_knowledge_base,1,0,34,0,66,0,0,1,Blocked
sales_crm_agent,3,vendor,read_record,database_api,sales_pipeline,3,1,26,0,40,0,0,1,Allowed
security_monitoring_agent,5,employee,update_record,crm_api,public_knowledge_base,1,0,64,0,29,0,2,1,Blocked
finance_reconciliation_agent,2,service_account,read_record,contract_repository_api,employee_file,4,1,23,0,54,0,1,1,Allowed
legal_contract_agent,2,security_admin,send_email,crm_api,public_knowledge_base,1,0,37,0,50,0,0,1,Blocked
sales_crm_agent,4,employee,update_record,ticketing_api,support_ticket,2,0,100,1,62,1,9,1,Blocked
sales_crm_agent,3,employee,read_record,file_storage_api,customer_profile,3,1,18,0,43,0,0,1,Allowed
data_analytics_agent,1,contractor,read_record,hris_api,system_config,4,1,13,0,45,0,0,1,Allowed
finance_reconciliation_agent,3,employee,update_record,finance_erp_api,customer_profile,3,1,46,0,34,0,0,1,Allowed
it_helpdesk_agent,5,employee,view_audit_log,ticketing_api,access_policy,5,0,93,0,64,1,3,1,Blocked
data_analytics_agent,4,employee,search_records,identity_provider_api,invoice,3,1,27,0,49,0,0,1,Allowed
procurement_agent,4,employee,read_record,database_api,audit_log,4,0,50,0,64,0,0,1,Blocked
finance_reconciliation_agent,2,manager,search_records,file_storage_api,sales_pipeline,3,1,32,0,44,0,1,1,Allowed
security_monitoring_agent,5,security_admin,download_file,identity_provider_api,payroll_record,5,0,95,0,100,1,0,1,Blocked
security_monitoring_agent,4,security_admin,search_records,finance_erp_api,source_code_repo,4,0,51,0,60,0,0,1,Blocked
data_analytics_agent,2,employee,download_file,contract_repository_api,invoice,3,0,64,0,70,0,6,1,Blocked
procurement_agent,4,contractor,sync_external_app,database_api,employee_file,4,0,100,0,78,1,0,1,Blocked
it_helpdesk_agent,3,vendor,send_email,email_api,contract_document,3,1,45,0,68,0,2,0,Needs_Human_Approval
customer_support_agent,2,admin,create_ticket,ticketing_api,payroll_record,5,1,16,0,58,1,0,1,Needs_Human_Approval
customer_support_agent,4,manager,read_record,file_storage_api,employee_file,4,1,36,0,61,0,0,1,Allowed
sales_crm_agent,3,employee,change_permission,identity_provider_api,system_config,4,0,100,1,71,1,7,1,Blocked
customer_support_agent,2,service_account,read_record,file_storage_api,support_ticket,2,1,14,0,29,0,2,1,Allowed
devops_release_agent,3,admin,create_ticket,ticketing_api,sales_pipeline,3,0,22,0,39,0,0,1,Blocked
sales_crm_agent,1,analyst,search_records,hris_api,customer_profile,3,1,8,0,27,0,0,1,Allowed
sales_crm_agent,2,manager,export_report,finance_erp_api,sales_pipeline,3,1,41,0,43,0,0,1,Allowed
executive_assistant_agent,4,manager,sync_external_app,external_webhook,system_config,4,1,80,0,79,0,0,1,Needs_Human_Approval
finance_reconciliation_agent,3,analyst,read_record,file_storage_api,audit_log,4,1,34,0,44,0,3,1,Allowed
security_monitoring_agent,4,service_account,search_records,hris_api,access_policy,5,1,50,0,44,1,4,1,Needs_Human_Approval
it_helpdesk_agent,5,vendor,download_file,email_api,customer_profile,3,1,61,0,74,0,0,1,Needs_Human_Approval
finance_reconciliation_agent,4,employee,approve_payment,file_storage_api,support_ticket,2,0,98,0,63,1,1,1,Blocked
hr_onboarding_agent,5,security_admin,search_records,finance_erp_api,payroll_record,5,1,48,0,54,1,1,1,Needs_Human_Approval
customer_support_agent,3,contractor,send_email,email_api,payroll_record,5,1,64,0,94,1,0,1,Blocked
customer_support_agent,4,manager,create_ticket,crm_api,customer_profile,3,1,38,0,40,0,0,1,Allowed
legal_contract_agent,2,manager,sync_external_app,external_webhook,system_config,4,1,70,0,82,1,0,1,Needs_Human_Approval
customer_support_agent,2,employee,export_report,finance_erp_api,financial_record,4,0,61,0,97,0,1,1,Blocked
security_monitoring_agent,4,admin,delete_record,finance_erp_api,payroll_record,5,0,100,0,68,1,1,1,Blocked
finance_reconciliation_agent,3,employee,search_records,finance_erp_api,employee_file,3,0,45,0,55,0,3,1,Blocked
legal_contract_agent,1,guest,download_file,contract_repository_api,contract_document,3,0,59,0,67,0,0,1,Blocked
security_monitoring_agent,3,contractor,search_records,finance_erp_api,support_ticket,2,1,13,0,27,0,2,1,Allowed
customer_support_agent,3,analyst,change_permission,identity_provider_api,financial_record,4,0,100,0,66,1,2,1,Blocked
customer_support_agent,2,analyst,sync_external_app,crm_api,invoice,3,0,92,0,67,1,2,1,Blocked
executive_assistant_agent,2,contractor,read_record,contract_repository_api,support_ticket,2,0,23,0,36,0,1,1,Blocked
it_helpdesk_agent,4,employee,send_email,email_api,financial_record,4,0,72,0,100,1,2,1,Blocked
finance_reconciliation_agent,3,manager,delete_record,file_storage_api,public_knowledge_base,1,1,60,0,20,1,0,1,Needs_Human_Approval
security_monitoring_agent,5,guest,read_record,file_storage_api,financial_record,5,0,76,0,80,1,2,1,Blocked
finance_reconciliation_agent,1,vendor,send_email,devops_ci_api,financial_record,4,1,44,0,75,0,2,1,Needs_Human_Approval
finance_reconciliation_agent,2,vendor,download_file,file_storage_api,customer_profile,3,1,50,0,74,0,0,1,Needs_Human_Approval
data_analytics_agent,5,security_admin,update_record,crm_api,employee_file,4,0,90,0,66,1,0,1,Blocked
customer_support_agent,3,guest,read_record,file_storage_api,public_knowledge_base,1,0,67,1,57,1,3,1,Blocked
security_monitoring_agent,2,guest,sync_external_app,database_api,system_config,4,1,78,0,59,1,1,1,Needs_Human_Approval
procurement_agent,3,employee,read_record,finance_erp_api,sales_pipeline,3,0,36,0,45,0,1,1,Blocked
customer_support_agent,3,employee,search_records,hris_api,system_config,4,1,29,0,40,0,0,1,Allowed
customer_support_agent,3,employee,download_file,database_api,support_ticket,2,1,18,0,42,0,0,1,Allowed
hr_onboarding_agent,4,employee,download_file,finance_erp_api,audit_log,4,0,83,0,81,1,1,1,Blocked
procurement_agent,4,analyst,run_script,devops_ci_api,source_code_repo,4,0,100,0,52,1,0,1,Blocked
finance_reconciliation_agent,4,analyst,export_report,finance_erp_api,financial_record,4,1,69,0,70,1,3,1,Needs_Human_Approval
hr_onboarding_agent,1,contractor,search_records,ticketing_api,support_ticket,2,1,2,0,48,0,2,1,Allowed
it_helpdesk_agent,2,manager,search_records,hris_api,customer_profile,3,1,7,0,26,0,0,1,Allowed
security_monitoring_agent,4,employee,update_record,database_api,public_knowledge_base,1,0,50,0,33,0,0,1,Blocked
legal_contract_agent,4,employee,send_email,email_api,financial_record,4,0,66,0,100,1,1,1,Blocked
finance_reconciliation_agent,3,analyst,approve_payment,finance_erp_api,support_ticket,2,1,58,0,31,1,0,1,Needs_Human_Approval
customer_support_agent,4,guest,create_ticket,email_api,customer_profile,3,1,24,0,34,0,0,1,Allowed
finance_reconciliation_agent,2,manager,export_report,finance_erp_api,payroll_record,5,0,89,0,96,1,3,1,Blocked
security_monitoring_agent,5,employee,export_report,database_api,payroll_record,4,0,100,1,100,1,5,1,Blocked
security_monitoring_agent,3,analyst,download_file,ticketing_api,customer_profile,3,0,78,0,75,0,0,1,Blocked
it_helpdesk_agent,2,guest,export_report,crm_api,support_ticket,2,0,51,0,70,0,1,1,Blocked
customer_support_agent,3,manager,send_email,email_api,audit_log,3,1,22,0,68,0,0,1,Needs_Human_Approval
finance_reconciliation_agent,1,analyst,read_record,hris_api,public_knowledge_base,1,0,29,0,19,0,2,1,Blocked
sales_crm_agent,3,vendor,download_file,file_storage_api,api_key_secret,5,0,92,0,100,0,0,1,Blocked
data_analytics_agent,2,contractor,view_audit_log,siem_api,support_ticket,2,0,52,0,34,0,4,1,Blocked
it_helpdesk_agent,4,service_account,search_records,ticketing_api,invoice,3,1,20,0,37,0,0,1,Allowed
finance_reconciliation_agent,4,guest,run_script,devops_ci_api,customer_profile,3,1,100,0,43,1,2,1,Blocked
it_helpdesk_agent,3,admin,search_records,siem_api,customer_profile,3,0,62,0,39,0,5,1,Blocked
finance_reconciliation_agent,3,employee,approve_payment,finance_erp_api,employee_file,4,1,86,0,60,1,0,1,Blocked
customer_support_agent,3,manager,change_permission,identity_provider_api,public_knowledge_base,1,1,55,0,8,1,0,1,Needs_Human_Approval
finance_reconciliation_agent,4,vendor,search_records,ticketing_api,customer_profile,3,0,52,0,52,0,0,1,Blocked
sales_crm_agent,3,employee,approve_payment,finance_erp_api,payroll_record,5,1,100,0,72,1,5,1,Blocked
customer_support_agent,2,employee,update_record,ticketing_api,customer_profile,3,0,70,0,40,1,2,1,Blocked
it_helpdesk_agent,5,contractor,search_records,crm_api,support_ticket,2,1,25,0,25,0,2,0,Allowed
executive_assistant_agent,4,employee,approve_payment,finance_erp_api,access_policy,5,0,100,0,65,1,0,0,Blocked
legal_contract_agent,4,analyst,download_file,crm_api,financial_record,4,1,69,0,74,1,0,1,Needs_Human_Approval
sales_crm_agent,2,manager,read_record,hris_api,invoice,3,1,17,0,36,0,0,1,Allowed
procurement_agent,4,employee,export_report,finance_erp_api,public_knowledge_base,1,0,37,0,52,0,0,1,Blocked
security_monitoring_agent,4,employee,export_report,crm_api,financial_record,4,1,59,0,75,0,0,1,Needs_Human_Approval
it_helpdesk_agent,2,vendor,search_records,email_api,system_config,4,1,36,0,50,0,0,1,Allowed
data_analytics_agent,4,analyst,sync_external_app,database_api,public_knowledge_base,1,0,70,0,45,1,0,1,Blocked
hr_onboarding_agent,4,admin,search_records,database_api,support_ticket,1,1,2,0,2,0,0,1,Allowed
legal_contract_agent,5,employee,send_email,ticketing_api,invoice,3,0,77,0,64,1,3,1,Blocked
sales_crm_agent,3,employee,download_file,ticketing_api,invoice,3,0,75,0,66,1,0,1,Blocked
finance_reconciliation_agent,3,analyst,search_records,email_api,financial_record,4,1,39,0,61,0,1,1,Allowed
it_helpdesk_agent,5,manager,create_ticket,ticketing_api,support_ticket,3,1,20,0,48,0,0,1,Allowed
executive_assistant_agent,4,security_admin,export_report,crm_api,invoice,3,1,50,0,56,0,2,1,Allowed
security_monitoring_agent,3,analyst,search_records,crm_api,system_config,4,1,40,0,51,0,2,1,Allowed
customer_support_agent,4,security_admin,search_records,finance_erp_api,invoice,3,1,19,0,38,0,2,1,Allowed
executive_assistant_agent,3,contractor,update_record,crm_api,contract_document,3,1,68,0,29,1,2,0,Needs_Human_Approval
security_monitoring_agent,5,manager,read_record,database_api,support_ticket,3,1,26,0,45,0,0,1,Allowed
sales_crm_agent,3,manager,update_record,hris_api,contract_document,3,1,55,0,35,0,0,1,Allowed
sales_crm_agent,2,vendor,create_ticket,ticketing_api,invoice,3,0,40,0,44,0,4,1,Blocked
sales_crm_agent,2,vendor,read_record,crm_api,public_knowledge_base,1,1,2,0,16,0,0,1,Allowed
sales_crm_agent,3,manager,read_record,crm_api,contract_document,3,0,62,0,50,0,6,0,Blocked
it_helpdesk_agent,4,analyst,search_records,database_api,customer_profile,3,0,32,0,44,0,1,1,Blocked
legal_contract_agent,4,admin,delete_record,database_api,payroll_record,5,1,100,0,62,1,0,1,Blocked
sales_crm_agent,2,guest,search_records,finance_erp_api,invoice,3,0,48,0,45,0,1,0,Blocked
sales_crm_agent,4,service_account,create_ticket,finance_erp_api,support_ticket,2,0,41,0,38,0,0,1,Blocked
hr_onboarding_agent,4,vendor,update_record,hris_api,customer_profile,3,1,58,0,34,0,0,1,Needs_Human_Approval
security_monitoring_agent,4,employee,search_records,hris_api,sales_pipeline,3,0,33,0,42,0,1,1,Blocked
data_analytics_agent,2,employee,export_report,finance_erp_api,source_code_repo,4,1,48,0,73,0,0,1,Needs_Human_Approval
security_monitoring_agent,4,employee,update_record,database_api,payroll_record,5,0,96,0,80,1,2,1,Blocked
hr_onboarding_agent,2,contractor,read_record,crm_api,financial_record,4,0,50,0,62,0,2,1,Blocked
customer_support_agent,3,vendor,delete_record,finance_erp_api,audit_log,5,0,100,0,79,1,1,1,Blocked
it_helpdesk_agent,5,contractor,export_report,database_api,contract_document,3,0,82,0,81,1,3,1,Blocked
data_analytics_agent,3,employee,send_email,email_api,payroll_record,5,0,71,0,98,1,1,1,Blocked
data_analytics_agent,5,contractor,create_ticket,identity_provider_api,customer_profile,3,1,34,0,40,0,0,1,Allowed
it_helpdesk_agent,4,admin,read_record,hris_api,financial_record,4,0,53,0,70,0,1,1,Blocked
hr_onboarding_agent,4,manager,create_ticket,ticketing_api,sales_pipeline,3,0,41,0,50,0,0,0,Blocked
devops_release_agent,3,analyst,view_audit_log,identity_provider_api,contract_document,3,1,36,0,24,0,0,1,Allowed
it_helpdesk_agent,5,security_admin,read_record,crm_api,customer_profile,3,0,48,0,52,0,0,1,Blocked
customer_support_agent,2,contractor,read_record,crm_api,support_ticket,2,0,44,0,44,0,5,0,Blocked
security_monitoring_agent,5,security_admin,download_file,database_api,support_ticket,2,0,69,0,57,1,2,1,Blocked
customer_support_agent,1,employee,approve_payment,finance_erp_api,financial_record,4,0,100,0,77,1,3,0,Blocked
procurement_agent,1,admin,delete_record,file_storage_api,public_knowledge_base,1,1,76,0,22,1,4,1,Needs_Human_Approval
procurement_agent,1,employee,update_record,crm_api,sales_pipeline,3,0,66,0,48,1,1,1,Blocked
hr_onboarding_agent,3,employee,download_file,contract_repository_api,support_ticket,2,0,51,0,59,0,0,1,Blocked
sales_crm_agent,1,service_account,create_ticket,file_storage_api,support_ticket,2,1,5,0,34,1,0,1,Needs_Human_Approval
data_analytics_agent,5,admin,download_file,hris_api,public_knowledge_base,1,0,62,0,51,0,2,1,Blocked
it_helpdesk_agent,4,employee,send_email,email_api,support_ticket,2,1,27,0,65,0,1,1,Needs_Human_Approval
sales_crm_agent,3,admin,export_report,siem_api,api_key_secret,5,1,62,0,83,1,1,1,Needs_Human_Approval
security_monitoring_agent,5,analyst,read_record,file_storage_api,public_knowledge_base,1,0,36,0,27,0,2,1,Blocked
sales_crm_agent,3,contractor,search_records,siem_api,sales_pipeline,3,0,49,0,48,0,0,1,Blocked
devops_release_agent,3,contractor,read_record,contract_repository_api,financial_record,4,0,99,1,88,1,3,1,Blocked
sales_crm_agent,3,manager,read_record,devops_ci_api,sales_pipeline,3,1,51,0,43,0,0,1,Allowed
data_analytics_agent,1,employee,read_record,finance_erp_api,access_policy,5,0,46,0,67,0,0,1,Blocked
sales_crm_agent,3,employee,search_records,finance_erp_api,financial_record,4,0,41,0,64,0,0,1,Blocked
hr_onboarding_agent,4,employee,read_record,file_storage_api,customer_profile,3,0,53,0,65,0,2,0,Blocked
sales_crm_agent,5,contractor,send_email,database_api,support_ticket,2,0,98,1,89,1,2,1,Blocked
finance_reconciliation_agent,4,vendor,read_record,ticketing_api,access_policy,4,0,65,0,64,1,0,1,Blocked
finance_reconciliation_agent,4,service_account,run_script,identity_provider_api,financial_record,4,1,100,0,42,0,0,1,Blocked
it_helpdesk_agent,3,admin,send_email,email_api,customer_profile,3,1,2,0,56,0,0,1,Allowed
customer_support_agent,4,service_account,read_record,contract_repository_api,support_ticket,2,1,10,0,28,0,2,1,Allowed
finance_reconciliation_agent,5,service_account,search_records,database_api,public_knowledge_base,1,0,30,0,28,0,0,1,Blocked
data_analytics_agent,4,employee,send_email,email_api,contract_document,3,0,56,0,83,0,1,1,Blocked
sales_crm_agent,3,guest,export_report,crm_api,public_knowledge_base,1,1,55,0,42,0,2,0,Allowed
hr_onboarding_agent,4,service_account,read_record,file_storage_api,support_ticket,2,0,33,0,47,0,0,1,Blocked
customer_support_agent,4,contractor,view_audit_log,contract_repository_api,support_ticket,2,1,60,0,21,0,5,1,Needs_Human_Approval
data_analytics_agent,4,analyst,search_records,ticketing_api,employee_file,4,1,30,0,55,0,0,1,Allowed
hr_onboarding_agent,3,guest,download_file,ticketing_api,system_config,4,1,67,0,68,1,0,1,Needs_Human_Approval
hr_onboarding_agent,1,manager,approve_payment,finance_erp_api,customer_profile,3,0,84,0,45,1,1,1,Blocked
it_helpdesk_agent,3,analyst,export_report,siem_api,invoice,2,0,55,0,69,0,0,1,Blocked
finance_reconciliation_agent,4,analyst,download_file,contract_repository_api,payroll_record,5,0,91,0,96,1,1,1,Blocked
customer_support_agent,3,employee,update_record,finance_erp_api,customer_profile,3,1,48,0,40,0,0,1,Allowed
procurement_agent,2,service_account,update_record,database_api,financial_record,4,1,54,0,52,0,0,1,Allowed
data_analytics_agent,4,admin,create_ticket,ticketing_api,financial_record,4,1,20,0,53,0,0,1,Allowed
data_analytics_agent,4,analyst,update_record,finance_erp_api,source_code_repo,4,0,100,1,68,1,0,1,Blocked
hr_onboarding_agent,1,analyst,read_record,crm_api,customer_profile,3,0,35,0,45,0,0,1,Blocked
sales_crm_agent,4,manager,approve_payment,finance_erp_api,public_knowledge_base,1,1,56,0,23,1,0,1,Needs_Human_Approval
it_helpdesk_agent,4,guest,send_email,email_api,contract_document,3,0,67,0,83,1,0,1,Blocked
legal_contract_agent,4,analyst,search_records,crm_api,support_ticket,2,1,22,0,25,0,3,1,Allowed
customer_support_agent,3,manager,export_report,ticketing_api,public_knowledge_base,1,1,32,0,39,0,0,1,Allowed
security_monitoring_agent,4,vendor,send_email,ticketing_api,support_ticket,2,0,61,0,66,0,1,1,Blocked
it_helpdesk_agent,4,security_admin,send_email,email_api,employee_file,4,1,42,0,80,1,0,1,Needs_Human_Approval
sales_crm_agent,2,analyst,read_record,ticketing_api,customer_profile,3,1,52,0,34,0,6,0,Allowed
data_analytics_agent,4,guest,send_email,email_api,payroll_record,5,0,83,0,100,1,0,1,Blocked
sales_crm_agent,4,contractor,send_email,email_api,financial_record,4,0,100,1,100,1,0,1,Blocked
procurement_agent,2,service_account,export_report,email_api,payroll_record,5,0,100,1,100,1,4,1,Blocked
security_monitoring_agent,4,analyst,update_record,hris_api,employee_file,4,0,85,0,53,1,0,1,Blocked
it_helpdesk_agent,3,contractor,export_report,finance_erp_api,employee_file,4,0,100,1,98,1,4,1,Blocked
executive_assistant_agent,4,manager,update_record,database_api,invoice,3,0,79,0,46,1,3,1,Blocked
hr_onboarding_agent,4,admin,search_records,finance_erp_api,invoice,3,0,41,0,61,0,1,1,Blocked
customer_support_agent,1,employee,send_email,email_api,financial_record,4,1,38,0,88,0,1,1,Blocked
executive_assistant_agent,3,employee,change_permission,hris_api,sales_pipeline,3,0,100,0,51,1,7,1,Blocked
data_analytics_agent,5,vendor,read_record,contract_repository_api,sales_pipeline,3,1,18,0,35,0,0,1,Allowed
customer_support_agent,4,employee,read_record,finance_erp_api,public_knowledge_base,1,0,14,0,48,0,0,1,Blocked
customer_support_agent,3,employee,approve_payment,email_api,payroll_record,5,0,100,0,80,0,0,1,Blocked
it_helpdesk_agent,5,analyst,send_email,email_api,system_config,4,1,44,0,76,0,0,1,Needs_Human_Approval
customer_support_agent,4,employee,delete_record,hris_api,customer_profile,3,0,100,0,53,1,0,1,Blocked
it_helpdesk_agent,4,vendor,search_records,crm_api,customer_profile,3,0,42,0,49,0,0,1,Blocked
customer_support_agent,3,contractor,read_record,crm_api,public_knowledge_base,2,1,8,0,14,0,0,1,Allowed
it_helpdesk_agent,2,manager,send_email,email_api,contract_document,3,0,48,0,78,0,2,0,Blocked
sales_crm_agent,3,employee,read_record,file_storage_api,audit_log,4,0,47,0,69,0,0,1,Blocked
finance_reconciliation_agent,4,employee,download_file,hris_api,support_ticket,2,0,66,0,55,1,2,1,Blocked
customer_support_agent,3,employee,update_record,database_api,system_config,4,1,65,0,44,1,0,1,Needs_Human_Approval
security_monitoring_agent,4,manager,update_record,database_api,invoice,3,1,49,0,41,0,0,1,Allowed
customer_support_agent,3,employee,search_records,hris_api,source_code_repo,4,1,36,0,48,0,2,1,Allowed
hr_onboarding_agent,3,service_account,download_file,file_storage_api,audit_log,4,1,60,0,79,0,2,1,Needs_Human_Approval
it_helpdesk_agent,1,employee,run_script,finance_erp_api,contract_document,3,1,88,0,33,1,0,1,Blocked
finance_reconciliation_agent,3,analyst,search_records,database_api,support_ticket,2,0,24,0,38,0,0,1,Blocked
finance_reconciliation_agent,4,employee,export_report,siem_api,support_ticket,2,1,39,0,53,0,0,1,Allowed
it_helpdesk_agent,4,employee,read_record,database_api,public_knowledge_base,1,1,10,0,17,0,5,1,Allowed
customer_support_agent,2,analyst,approve_payment,finance_erp_api,api_key_secret,5,0,100,0,74,1,1,1,Blocked
procurement_agent,3,contractor,create_ticket,ticketing_api,payroll_record,5,0,53,0,66,1,2,1,Blocked
procurement_agent,2,employee,update_record,ticketing_api,public_knowledge_base,1,0,48,0,28,0,1,1,Blocked
finance_reconciliation_agent,3,manager,export_report,finance_erp_api,support_ticket,2,0,58,0,59,0,0,1,Blocked
hr_onboarding_agent,4,contractor,create_ticket,ticketing_api,audit_log,4,0,46,0,55,0,0,1,Blocked
customer_support_agent,3,employee,update_record,ticketing_api,support_ticket,2,0,73,0,43,1,5,1,Blocked
sales_crm_agent,4,contractor,send_email,identity_provider_api,contract_document,3,0,68,0,72,1,0,1,Blocked
finance_reconciliation_agent,1,security_admin,approve_payment,finance_erp_api,payroll_record,5,0,100,0,83,1,1,1,Blocked
customer_support_agent,3,analyst,read_record,file_storage_api,public_knowledge_base,1,1,2,0,17,0,0,1,Allowed
it_helpdesk_agent,4,security_admin,delete_record,hris_api,customer_profile,3,0,97,0,58,1,0,1,Blocked
it_helpdesk_agent,2,employee,send_email,siem_api,system_config,4,1,62,0,68,0,0,0,Needs_Human_Approval
data_analytics_agent,2,admin,approve_payment,finance_erp_api,employee_file,4,0,91,0,63,1,0,1,Blocked
devops_release_agent,3,employee,send_email,crm_api,financial_record,4,0,90,0,90,1,2,1,Blocked
it_helpdesk_agent,3,employee,export_report,siem_api,access_policy,5,0,99,0,95,1,3,1,Blocked
finance_reconciliation_agent,3,employee,send_email,email_api,invoice,3,1,39,0,66,1,0,0,Needs_Human_Approval
it_helpdesk_agent,5,employee,search_records,ticketing_api,invoice,3,1,21,0,31,0,0,1,Allowed
hr_onboarding_agent,3,manager,search_records,crm_api,source_code_repo,4,1,23,0,32,0,0,1,Allowed
data_analytics_agent,2,analyst,export_report,database_api,customer_profile,3,1,37,0,49,0,2,1,Allowed
it_helpdesk_agent,3,analyst,update_record,hris_api,api_key_secret,5,0,89,0,66,1,2,1,Blocked
hr_onboarding_agent,4,manager,send_email,email_api,sales_pipeline,2,0,42,0,69,0,0,1,Blocked
hr_onboarding_agent,2,analyst,delete_record,database_api,sales_pipeline,3,0,94,0,47,1,0,1,Blocked
data_analytics_agent,1,analyst,export_report,database_api,audit_log,4,0,67,0,80,1,0,1,Blocked
sales_crm_agent,3,contractor,search_records,finance_erp_api,payroll_record,5,0,50,0,75,1,0,1,Blocked
customer_support_agent,3,analyst,export_report,finance_erp_api,financial_record,4,0,75,0,83,1,1,1,Blocked
customer_support_agent,3,vendor,update_record,database_api,sales_pipeline,3,0,79,0,39,1,0,1,Blocked
it_helpdesk_agent,4,admin,delete_record,hris_api,system_config,4,1,100,1,55,1,4,1,Blocked
sales_crm_agent,1,employee,search_records,crm_api,employee_file,4,0,38,0,78,1,0,1,Blocked
data_analytics_agent,4,employee,download_file,finance_erp_api,payroll_record,5,0,94,0,95,1,0,1,Blocked
it_helpdesk_agent,1,analyst,send_email,email_api,public_knowledge_base,1,1,9,0,48,0,1,1,Allowed
procurement_agent,3,employee,read_record,database_api,payroll_record,5,0,50,0,71,1,0,1,Blocked
customer_support_agent,4,manager,read_record,finance_erp_api,customer_profile,3,0,37,0,38,0,2,1,Blocked
customer_support_agent,3,employee,approve_payment,finance_erp_api,meeting_notes,2,0,75,0,26,1,1,1,Blocked
executive_assistant_agent,4,employee,read_record,hris_api,invoice,3,0,37,0,47,0,1,1,Blocked
it_helpdesk_agent,3,analyst,export_report,crm_api,invoice,3,0,63,0,70,0,0,1,Blocked
executive_assistant_agent,2,guest,update_record,database_api,customer_profile,3,1,51,0,42,0,0,1,Allowed
it_helpdesk_agent,3,vendor,search_records,database_api,support_ticket,2,0,42,0,38,0,2,1,Blocked
it_helpdesk_agent,4,analyst,run_script,file_storage_api,financial_record,4,0,100,0,74,1,0,1,Blocked
customer_support_agent,5,analyst,update_record,crm_api,employee_file,4,1,75,0,51,1,2,1,Needs_Human_Approval
sales_crm_agent,2,employee,download_file,file_storage_api,support_ticket,2,0,62,0,57,0,7,1,Blocked
finance_reconciliation_agent,2,admin,change_permission,identity_provider_api,contract_document,3,0,100,0,51,1,0,1,Blocked
hr_onboarding_agent,3,contractor,read_record,contract_repository_api,audit_log,4,0,68,1,75,1,3,1,Blocked
customer_support_agent,3,security_admin,send_email,finance_erp_api,support_ticket,2,1,31,0,43,0,0,1,Allowed
security_monitoring_agent,1,analyst,delete_record,hris_api,source_code_repo,4,0,100,0,62,0,0,1,Blocked
legal_contract_agent,3,analyst,read_record,contract_repository_api,sales_pipeline,3,0,44,0,45,0,1,1,Blocked
customer_support_agent,1,manager,run_script,devops_ci_api,system_config,4,1,83,0,31,1,0,1,Blocked
executive_assistant_agent,3,guest,read_record,file_storage_api,audit_log,4,1,32,0,57,0,0,1,Allowed
finance_reconciliation_agent,4,security_admin,read_record,crm_api,invoice,3,1,4,0,35,0,0,1,Allowed
customer_support_agent,3,employee,run_script,devops_ci_api,meeting_notes,2,0,93,0,38,1,0,1,Blocked
devops_release_agent,3,vendor,read_record,email_api,payroll_record,5,0,78,0,84,1,1,1,Blocked
customer_support_agent,4,manager,download_file,database_api,payroll_record,5,1,69,0,84,1,0,1,Needs_Human_Approval
executive_assistant_agent,4,service_account,update_record,ticketing_api,access_policy,5,0,98,0,70,1,2,1,Blocked
executive_assistant_agent,3,guest,search_records,hris_api,public_knowledge_base,1,0,15,0,37,1,1,1,Blocked
customer_support_agent,1,security_admin,delete_record,database_api,public_knowledge_base,1,1,45,0,14,1,0,1,Needs_Human_Approval
customer_support_agent,5,manager,export_report,identity_provider_api,invoice,4,1,78,0,62,1,0,1,Needs_Human_Approval
sales_crm_agent,3,analyst,send_email,email_api,financial_record,4,0,62,0,91,0,1,1,Blocked
finance_reconciliation_agent,3,manager,read_record,database_api,invoice,3,1,22,0,32,0,0,1,Allowed
security_monitoring_agent,4,manager,send_email,email_api,payroll_record,5,0,78,0,98,1,1,1,Blocked
customer_support_agent,4,employee,export_report,finance_erp_api,sales_pipeline,3,1,69,0,61,1,3,0,Needs_Human_Approval
security_monitoring_agent,4,manager,export_report,database_api,customer_profile,3,0,62,0,69,0,0,1,Blocked
sales_crm_agent,4,guest,read_record,database_api,public_knowledge_base,2,0,39,0,36,0,1,1,Blocked
it_helpdesk_agent,1,service_account,run_script,file_storage_api,access_policy,5,1,100,0,59,1,0,1,Blocked
it_helpdesk_agent,3,vendor,download_file,file_storage_api,public_knowledge_base,1,0,52,0,69,0,0,1,Blocked
sales_crm_agent,4,service_account,send_email,ticketing_api,sales_pipeline,3,1,45,0,58,0,0,1,Allowed
sales_crm_agent,4,analyst,read_record,identity_provider_api,access_policy,5,0,75,0,60,1,1,0,Blocked
it_helpdesk_agent,3,guest,update_record,crm_api,invoice,3,1,100,1,61,1,2,0,Blocked
it_helpdesk_agent,3,service_account,create_ticket,ticketing_api,api_key_secret,5,0,51,0,81,1,1,1,Blocked
data_analytics_agent,3,vendor,read_record,crm_api,public_knowledge_base,1,0,34,0,35,0,3,1,Blocked
sales_crm_agent,2,manager,send_email,email_api,public_knowledge_base,1,1,6,0,49,0,0,1,Allowed
devops_release_agent,4,manager,download_file,database_api,customer_profile,2,0,74,0,56,1,5,1,Blocked
procurement_agent,3,analyst,read_record,database_api,support_ticket,2,0,67,1,42,1,0,1,Blocked
security_monitoring_agent,4,contractor,delete_record,crm_api,audit_log,4,0,100,1,84,1,1,0,Blocked
finance_reconciliation_agent,3,analyst,send_email,email_api,customer_profile,3,1,32,0,72,0,0,1,Needs_Human_Approval
customer_support_agent,3,vendor,run_script,devops_ci_api,system_config,4,0,100,0,56,1,0,1,Blocked
sales_crm_agent,3,employee,search_records,crm_api,public_knowledge_base,1,1,2,0,15,0,0,1,Allowed
sales_crm_agent,3,employee,search_records,crm_api,support_ticket,2,0,32,0,30,0,2,1,Blocked
data_analytics_agent,3,employee,search_records,database_api,sales_pipeline,3,1,29,0,36,0,4,1,Allowed
security_monitoring_agent,4,contractor,read_record,file_storage_api,payroll_record,5,0,62,0,88,1,0,1,Blocked
it_helpdesk_agent,3,contractor,approve_payment,finance_erp_api,public_knowledge_base,1,1,67,0,2,1,6,1,Needs_Human_Approval
finance_reconciliation_agent,2,service_account,approve_payment,finance_erp_api,source_code_repo,4,1,80,0,44,1,0,1,Needs_Human_Approval
customer_support_agent,3,employee,approve_payment,finance_erp_api,support_ticket,2,1,63,0,26,1,2,1,Needs_Human_Approval
devops_release_agent,3,analyst,approve_payment,finance_erp_api,support_ticket,1,0,63,0,21,1,0,1,Blocked
finance_reconciliation_agent,3,guest,read_record,ticketing_api,public_knowledge_base,1,0,46,0,31,0,3,1,Blocked
finance_reconciliation_agent,3,admin,read_record,file_storage_api,payroll_record,5,1,30,0,67,1,1,1,Needs_Human_Approval
security_monitoring_agent,3,manager,approve_payment,finance_erp_api,system_config,4,1,73,0,54,1,0,1,Needs_Human_Approval
finance_reconciliation_agent,3,analyst,delete_record,database_api,access_policy,5,0,100,0,62,1,5,1,Blocked
security_monitoring_agent,5,employee,read_record,database_api,invoice,3,0,43,0,44,0,0,1,Blocked
sales_crm_agent,4,manager,read_record,contract_repository_api,invoice,3,0,36,0,47,0,0,1,Blocked
it_helpdesk_agent,5,guest,update_record,hris_api,invoice,3,0,80,0,59,1,0,1,Blocked
security_monitoring_agent,5,employee,change_permission,identity_provider_api,sales_pipeline,2,0,100,0,35,1,0,0,Blocked
hr_onboarding_agent,3,manager,search_records,crm_api,access_policy,5,0,61,0,71,0,0,1,Blocked
security_monitoring_agent,4,guest,update_record,database_api,public_knowledge_base,1,0,61,0,28,0,2,0,Blocked
security_monitoring_agent,4,service_account,export_report,crm_api,customer_profile,3,0,74,0,69,1,1,1,Blocked
executive_assistant_agent,2,contractor,export_report,database_api,sales_pipeline,3,0,65,0,62,1,0,1,Blocked
sales_crm_agent,4,manager,read_record,hris_api,employee_file,4,1,44,0,51,0,3,1,Allowed
finance_reconciliation_agent,3,security_admin,approve_payment,finance_erp_api,api_key_secret,5,0,100,0,78,1,2,1,Blocked
it_helpdesk_agent,2,employee,search_records,hris_api,employee_file,5,0,52,0,68,1,1,1,Blocked
devops_release_agent,4,service_account,export_report,ticketing_api,api_key_secret,5,1,80,0,83,1,0,1,Needs_Human_Approval
devops_release_agent,2,analyst,export_report,crm_api,financial_record,4,0,71,0,87,1,3,1,Blocked
hr_onboarding_agent,4,admin,update_record,ticketing_api,public_knowledge_base,1,1,23,0,11,0,0,1,Allowed
legal_contract_agent,5,contractor,download_file,database_api,employee_file,4,0,100,1,100,1,2,1,Blocked
security_monitoring_agent,4,employee,read_record,finance_erp_api,employee_file,4,0,62,0,68,0,2,1,Blocked
legal_contract_agent,4,admin,search_records,ticketing_api,public_knowledge_base,1,0,33,0,27,0,5,1,Blocked
procurement_agent,4,analyst,export_report,finance_erp_api,invoice,3,0,56,0,67,0,1,1,Blocked
finance_reconciliation_agent,3,employee,send_email,email_api,financial_record,4,1,46,0,95,0,0,1,Blocked
sales_crm_agent,1,employee,update_record,crm_api,financial_record,4,0,66,0,64,1,1,1,Blocked
finance_reconciliation_agent,3,employee,view_audit_log,file_storage_api,sales_pipeline,2,1,36,0,34,0,0,1,Allowed
it_helpdesk_agent,3,manager,send_email,crm_api,api_key_secret,5,1,69,0,83,1,0,1,Needs_Human_Approval
procurement_agent,3,vendor,read_record,contract_repository_api,public_knowledge_base,1,0,38,0,44,0,1,0,Blocked
customer_support_agent,1,admin,export_report,finance_erp_api,sales_pipeline,3,1,38,0,56,1,2,1,Needs_Human_Approval
hr_onboarding_agent,2,employee,search_records,hris_api,access_policy,5,0,37,0,77,1,0,1,Blocked
customer_support_agent,5,manager,read_record,file_storage_api,system_config,4,1,47,0,54,0,2,1,Allowed
sales_crm_agent,3,employee,search_records,hris_api,access_policy,5,0,55,0,63,1,0,0,Blocked
it_helpdesk_agent,4,analyst,approve_payment,crm_api,customer_profile,3,1,82,0,31,1,1,1,Blocked
sales_crm_agent,4,employee,delete_record,finance_erp_api,invoice,3,0,99,0,46,1,1,1,Blocked
customer_support_agent,3,analyst,search_records,hris_api,customer_profile,3,1,13,0,40,0,0,1,Allowed
customer_support_agent,3,service_account,create_ticket,ticketing_api,audit_log,3,1,22,0,28,0,6,1,Allowed
procurement_agent,3,guest,download_file,crm_api,api_key_secret,5,0,99,0,97,1,0,1,Blocked
security_monitoring_agent,2,guest,read_record,finance_erp_api,support_ticket,2,1,13,0,28,0,0,1,Allowed
sales_crm_agent,1,manager,search_records,database_api,payroll_record,5,0,42,0,76,1,0,1,Blocked
sales_crm_agent,3,contractor,download_file,devops_ci_api,public_knowledge_base,1,0,55,0,58,0,0,1,Blocked
data_analytics_agent,2,analyst,export_report,finance_erp_api,customer_profile,3,1,41,0,60,0,1,1,Allowed
hr_onboarding_agent,3,analyst,export_report,siem_api,support_ticket,2,1,32,0,34,0,0,1,Allowed
legal_contract_agent,3,analyst,run_script,devops_ci_api,support_ticket,2,0,100,0,40,1,1,1,Blocked
finance_reconciliation_agent,4,manager,read_record,contract_repository_api,public_knowledge_base,1,0,22,0,28,0,2,1,Blocked
procurement_agent,3,manager,search_records,ticketing_api,public_knowledge_base,1,1,2,0,6,0,0,1,Allowed
it_helpdesk_agent,3,service_account,download_file,database_api,contract_document,3,1,47,0,52,0,0,1,Allowed
customer_support_agent,3,security_admin,search_records,crm_api,employee_file,4,0,66,0,69,1,2,1,Blocked
finance_reconciliation_agent,3,security_admin,read_record,crm_api,invoice,3,1,24,0,36,0,2,1,Allowed
devops_release_agent,3,service_account,read_record,finance_erp_api,customer_profile,3,1,25,0,36,0,2,1,Allowed
it_helpdesk_agent,4,contractor,download_file,file_storage_api,public_knowledge_base,1,1,24,0,46,0,0,1,Allowed
sales_crm_agent,3,employee,delete_record,crm_api,customer_profile,3,1,71,0,35,1,0,1,Needs_Human_Approval
sales_crm_agent,3,analyst,search_records,database_api,access_policy,5,0,82,1,82,1,1,1,Blocked
procurement_agent,2,analyst,export_report,database_api,sales_pipeline,3,0,80,0,68,1,4,1,Blocked
customer_support_agent,3,vendor,download_file,finance_erp_api,financial_record,3,0,74,0,69,1,0,1,Blocked
it_helpdesk_agent,4,security_admin,update_record,finance_erp_api,customer_profile,3,1,53,0,46,0,0,1,Allowed
security_monitoring_agent,5,analyst,create_ticket,ticketing_api,public_knowledge_base,1,0,18,0,23,0,2,1,Blocked
security_monitoring_agent,4,service_account,read_record,file_storage_api,public_knowledge_base,1,0,22,0,42,0,1,1,Blocked
security_monitoring_agent,4,service_account,send_email,email_api,public_knowledge_base,1,0,31,0,62,0,0,1,Blocked
data_analytics_agent,4,contractor,read_record,finance_erp_api,invoice,4,1,31,0,39,0,0,1,Allowed
sales_crm_agent,1,employee,read_record,crm_api,public_knowledge_base,1,0,13,0,29,0,2,1,Blocked
legal_contract_agent,2,contractor,run_script,devops_ci_api,sales_pipeline,3,0,100,1,80,1,0,1,Blocked
customer_support_agent,2,contractor,create_ticket,ticketing_api,financial_record,4,1,22,0,48,0,2,1,Allowed
procurement_agent,4,employee,search_records,hris_api,sales_pipeline,3,1,27,0,28,0,4,1,Allowed
data_analytics_agent,3,manager,export_report,finance_erp_api,invoice,3,1,49,0,53,0,2,1,Allowed
security_monitoring_agent,3,manager,search_records,finance_erp_api,audit_log,4,1,29,0,43,0,0,0,Allowed
sales_crm_agent,5,contractor,download_file,contract_repository_api,system_config,4,0,100,1,100,1,1,1,Blocked
customer_support_agent,4,security_admin,read_record,database_api,support_ticket,2,1,2,0,28,0,0,1,Allowed
hr_onboarding_agent,3,admin,send_email,email_api,invoice,3,0,53,0,83,0,0,1,Blocked
finance_reconciliation_agent,3,manager,create_ticket,ticketing_api,employee_file,4,0,44,0,69,0,0,1,Blocked
sales_crm_agent,2,employee,export_report,ticketing_api,customer_profile,3,1,54,0,54,0,0,1,Allowed
security_monitoring_agent,1,employee,approve_payment,finance_erp_api,employee_file,4,1,73,0,51,1,0,1,Needs_Human_Approval
data_analytics_agent,3,service_account,export_report,email_api,source_code_repo,5,0,100,0,100,1,0,0,Blocked
customer_support_agent,2,vendor,run_script,devops_ci_api,employee_file,4,0,100,0,54,1,0,1,Blocked
it_helpdesk_agent,4,manager,search_records,crm_api,employee_file,4,1,26,0,55,0,0,1,Allowed
legal_contract_agent,4,manager,send_email,crm_api,employee_file,4,1,64,0,77,0,0,1,Needs_Human_Approval
devops_release_agent,1,security_admin,search_records,crm_api,employee_file,4,1,15,0,58,0,1,1,Allowed
customer_support_agent,3,employee,delete_record,database_api,customer_profile,3,0,100,0,61,1,1,1,Blocked
security_monitoring_agent,4,employee,create_ticket,file_storage_api,api_key_secret,5,0,88,0,83,1,5,1,Blocked
security_monitoring_agent,3,contractor,read_record,database_api,financial_record,4,0,57,0,81,0,1,1,Blocked
it_helpdesk_agent,3,employee,search_records,crm_api,system_config,4,1,32,0,48,0,4,1,Allowed
hr_onboarding_agent,4,analyst,read_record,crm_api,employee_file,4,1,38,0,66,0,0,1,Needs_Human_Approval
it_helpdesk_agent,3,employee,read_record,finance_erp_api,customer_profile,3,0,41,0,52,0,1,1,Blocked
finance_reconciliation_agent,5,analyst,search_records,hris_api,invoice,3,1,38,0,36,0,3,1,Allowed
customer_support_agent,3,contractor,read_record,identity_provider_api,payroll_record,5,0,69,0,76,1,0,1,Blocked
security_monitoring_agent,5,employee,update_record,database_api,financial_record,4,0,88,0,56,1,0,1,Blocked
customer_support_agent,2,employee,update_record,crm_api,access_policy,5,0,85,0,59,1,2,1,Blocked
it_helpdesk_agent,3,security_admin,search_records,hris_api,sales_pipeline,3,1,2,0,38,0,0,1,Allowed
it_helpdesk_agent,3,analyst,search_records,hris_api,support_ticket,2,0,29,0,40,0,0,1,Blocked
hr_onboarding_agent,5,service_account,sync_external_app,crm_api,public_knowledge_base,1,1,56,0,43,0,0,1,Allowed
legal_contract_agent,2,employee,export_report,crm_api,public_knowledge_base,1,0,48,0,55,0,0,1,Blocked
finance_reconciliation_agent,4,employee,run_script,devops_ci_api,customer_profile,3,0,100,0,44,1,0,0,Blocked
legal_contract_agent,3,security_admin,download_file,database_api,support_ticket,2,0,57,0,51,0,2,1,Blocked
data_analytics_agent,3,analyst,search_records,ticketing_api,employee_file,4,1,19,0,50,0,0,1,Allowed
data_analytics_agent,4,manager,send_email,email_api,financial_record,4,1,45,0,97,0,1,0,Blocked
hr_onboarding_agent,4,employee,search_records,crm_api,contract_document,3,0,42,0,38,0,0,1,Blocked
it_helpdesk_agent,3,manager,read_record,contract_repository_api,sales_pipeline,3,1,16,0,25,0,1,1,Allowed
security_monitoring_agent,1,vendor,send_email,email_api,customer_profile,3,0,46,0,84,0,0,1,Blocked
finance_reconciliation_agent,3,employee,update_record,file_storage_api,meeting_notes,2,0,82,0,49,1,3,1,Blocked
data_analytics_agent,2,employee,export_report,ticketing_api,sales_pipeline,2,1,50,0,48,0,0,1,Allowed
it_helpdesk_agent,4,analyst,search_records,file_storage_api,public_knowledge_base,1,1,39,1,56,0,0,1,Blocked
customer_support_agent,1,service_account,read_record,hris_api,customer_profile,3,1,7,0,36,0,0,1,Allowed
it_helpdesk_agent,2,vendor,create_ticket,ticketing_api,public_knowledge_base,1,0,21,0,29,0,2,1,Blocked
data_analytics_agent,5,manager,export_report,devops_ci_api,customer_profile,3,0,82,0,62,1,0,1,Blocked
finance_reconciliation_agent,3,manager,read_record,hris_api,api_key_secret,5,0,96,1,87,1,3,0,Blocked
data_analytics_agent,4,admin,update_record,hris_api,contract_document,3,0,81,0,41,1,3,1,Blocked
data_analytics_agent,3,manager,read_record,hris_api,financial_record,4,1,28,0,75,0,0,1,Needs_Human_Approval
security_monitoring_agent,5,employee,export_report,crm_api,invoice,3,0,70,0,75,1,1,1,Blocked
security_monitoring_agent,3,employee,view_audit_log,file_storage_api,source_code_repo,5,0,87,0,60,1,0,1,Blocked
legal_contract_agent,4,contractor,send_email,email_api,public_knowledge_base,1,0,64,1,89,0,0,1,Blocked
finance_reconciliation_agent,3,guest,export_report,crm_api,public_knowledge_base,1,0,55,0,56,0,1,0,Blocked
data_analytics_agent,2,analyst,search_records,finance_erp_api,access_policy,5,0,43,0,67,1,0,1,Blocked
finance_reconciliation_agent,4,analyst,export_report,siem_api,financial_record,4,1,66,0,73,1,0,1,Needs_Human_Approval
security_monitoring_agent,4,manager,export_report,finance_erp_api,contract_document,3,0,81,0,75,1,0,1,Blocked
finance_reconciliation_agent,4,manager,read_record,crm_api,support_ticket,2,0,45,0,32,0,2,1,Blocked
finance_reconciliation_agent,2,service_account,read_record,finance_erp_api,support_ticket,2,1,2,0,25,0,0,1,Allowed
sales_crm_agent,5,admin,search_records,database_api,support_ticket,2,0,16,0,40,0,1,1,Blocked
data_analytics_agent,2,contractor,search_records,database_api,invoice,3,1,15,0,34,0,1,1,Allowed
devops_release_agent,5,service_account,update_record,file_storage_api,invoice,3,1,75,0,43,1,0,0,Needs_Human_Approval
data_analytics_agent,5,employee,run_script,devops_ci_api,public_knowledge_base,1,0,92,0,29,1,0,1,Blocked
sales_crm_agent,2,analyst,delete_record,identity_provider_api,support_ticket,2,0,100,0,39,1,0,1,Blocked
customer_support_agent,5,contractor,search_records,devops_ci_api,source_code_repo,4,0,63,0,54,0,0,1,Blocked
devops_release_agent,5,guest,approve_payment,siem_api,support_ticket,2,0,100,0,35,1,0,0,Blocked
legal_contract_agent,3,vendor,search_records,external_webhook,contract_document,3,0,54,0,48,0,0,1,Blocked
security_monitoring_agent,3,contractor,run_script,devops_ci_api,invoice,3,0,100,0,47,1,0,1,Blocked
hr_onboarding_agent,3,analyst,read_record,database_api,sales_pipeline,3,0,45,0,41,0,1,1,Blocked
it_helpdesk_agent,5,admin,update_record,crm_api,public_knowledge_base,1,1,31,0,4,0,0,1,Allowed
it_helpdesk_agent,3,analyst,read_record,database_api,public_knowledge_base,1,1,16,0,10,0,6,1,Allowed
it_helpdesk_agent,3,manager,delete_record,database_api,audit_log,4,1,90,0,44,1,6,1,Blocked
data_analytics_agent,2,employee,update_record,finance_erp_api,sales_pipeline,3,1,39,0,45,0,0,1,Allowed
procurement_agent,2,manager,view_audit_log,siem_api,audit_log,4,0,59,0,56,0,1,1,Blocked
it_helpdesk_agent,4,guest,export_report,finance_erp_api,system_config,5,0,91,0,94,1,1,1,Blocked
procurement_agent,3,analyst,read_record,finance_erp_api,support_ticket,2,0,28,0,26,0,0,1,Blocked
data_analytics_agent,4,employee,read_record,contract_repository_api,public_knowledge_base,1,0,25,0,31,0,1,1,Blocked
it_helpdesk_agent,2,manager,search_records,identity_provider_api,customer_profile,3,0,40,0,43,0,0,1,Blocked
security_monitoring_agent,1,analyst,export_report,database_api,financial_record,4,1,38,0,83,0,0,1,Needs_Human_Approval
sales_crm_agent,2,guest,download_file,database_api,sales_pipeline,3,1,74,1,83,1,1,1,Blocked
it_helpdesk_agent,4,vendor,search_records,finance_erp_api,public_knowledge_base,1,1,12,0,34,0,0,1,Allowed
sales_crm_agent,3,analyst,search_records,database_api,sales_pipeline,3,1,12,0,30,0,1,1,Allowed
finance_reconciliation_agent,3,analyst,update_record,hris_api,support_ticket,2,0,76,0,44,1,3,1,Blocked
it_helpdesk_agent,3,employee,update_record,identity_provider_api,system_config,4,1,80,0,43,1,2,1,Needs_Human_Approval
it_helpdesk_agent,2,manager,delete_record,hris_api,financial_record,4,1,82,0,49,1,0,1,Blocked
customer_support_agent,4,analyst,download_file,file_storage_api,api_key_secret,5,0,96,0,100,1,0,1,Blocked
hr_onboarding_agent,2,employee,update_record,hris_api,audit_log,4,0,76,0,70,1,1,1,Blocked
data_analytics_agent,5,employee,read_record,finance_erp_api,public_knowledge_base,1,1,9,0,15,0,1,1,Allowed
customer_support_agent,5,security_admin,update_record,ticketing_api,financial_record,4,0,85,0,74,1,1,1,Blocked
data_analytics_agent,3,guest,search_records,finance_erp_api,public_knowledge_base,1,1,10,0,17,1,0,1,Needs_Human_Approval
it_helpdesk_agent,4,service_account,update_record,hris_api,support_ticket,2,1,34,0,36,0,0,1,Allowed
it_helpdesk_agent,4,analyst,download_file,contract_repository_api,customer_profile,4,1,59,0,58,0,2,1,Needs_Human_Approval
security_monitoring_agent,5,analyst,create_ticket,ticketing_api,employee_file,4,0,64,0,59,0,3,1,Blocked
sales_crm_agent,4,analyst,approve_payment,finance_erp_api,source_code_repo,4,1,82,0,41,1,0,1,Blocked
finance_reconciliation_agent,2,employee,read_record,email_api,payroll_record,5,0,73,0,83,1,0,1,Blocked
security_monitoring_agent,4,analyst,update_record,finance_erp_api,support_ticket,2,1,48,0,28,1,0,1,Needs_Human_Approval
finance_reconciliation_agent,2,employee,delete_record,file_storage_api,support_ticket,2,0,96,0,36,1,0,1,Blocked
finance_reconciliation_agent,2,admin,search_records,finance_erp_api,system_config,3,1,3,0,29,0,0,1,Allowed
finance_reconciliation_agent,2,manager,search_records,crm_api,customer_profile,3,1,10,0,32,0,0,1,Allowed
hr_onboarding_agent,4,employee,download_file,file_storage_api,audit_log,4,1,63,0,81,0,1,1,Needs_Human_Approval
customer_support_agent,4,service_account,read_record,hris_api,public_knowledge_base,1,1,2,0,5,0,0,1,Allowed
sales_crm_agent,2,vendor,read_record,crm_api,public_knowledge_base,1,1,2,0,20,0,0,1,Allowed
security_monitoring_agent,5,analyst,update_record,crm_api,customer_profile,3,0,90,0,46,1,4,0,Blocked
customer_support_agent,4,vendor,export_report,finance_erp_api,source_code_repo,4,0,89,0,79,1,1,1,Blocked
security_monitoring_agent,2,vendor,search_records,database_api,audit_log,4,1,35,0,34,0,0,1,Allowed
legal_contract_agent,3,admin,export_report,database_api,public_knowledge_base,2,0,71,0,54,1,2,1,Blocked
sales_crm_agent,4,admin,search_records,finance_erp_api,payroll_record,5,0,57,0,78,1,1,1,Blocked
it_helpdesk_agent,3,manager,run_script,devops_ci_api,support_ticket,1,1,71,0,19,1,0,1,Needs_Human_Approval
sales_crm_agent,3,service_account,sync_external_app,external_webhook,contract_document,3,0,100,0,85,1,3,1,Blocked
it_helpdesk_agent,4,admin,create_ticket,file_storage_api,payroll_record,5,0,64,0,96,1,1,0,Blocked
security_monitoring_agent,3,security_admin,update_record,crm_api,audit_log,4,1,46,0,40,0,0,1,Allowed
customer_support_agent,4,analyst,send_email,email_api,support_ticket,2,0,49,0,63,0,0,1,Blocked
customer_support_agent,3,security_admin,sync_external_app,external_webhook,support_ticket,2,1,56,0,51,0,0,1,Allowed
it_helpdesk_agent,4,service_account,approve_payment,finance_erp_api,customer_profile,3,0,91,0,38,1,0,1,Blocked
security_monitoring_agent,3,employee,change_permission,identity_provider_api,invoice,3,0,100,0,51,1,1,1,Blocked
finance_reconciliation_agent,3,analyst,create_ticket,ticketing_api,customer_profile,3,0,36,0,47,0,0,1,Blocked
devops_release_agent,5,manager,read_record,crm_api,customer_profile,3,0,47,0,53,0,2,1,Blocked
sales_crm_agent,3,employee,update_record,ticketing_api,financial_record,4,0,88,0,68,1,4,1,Blocked
customer_support_agent,4,manager,update_record,ticketing_api,employee_file,4,0,88,0,63,1,0,1,Blocked
sales_crm_agent,3,guest,read_record,finance_erp_api,sales_pipeline,3,1,32,0,27,0,0,1,Allowed
customer_support_agent,3,employee,download_file,contract_repository_api,employee_file,4,1,97,1,91,1,3,1,Blocked
procurement_agent,1,admin,read_record,email_api,contract_document,3,1,21,0,38,0,0,1,Allowed
customer_support_agent,3,vendor,send_email,email_api,financial_record,4,0,74,0,99,1,1,1,Blocked
sales_crm_agent,1,guest,create_ticket,ticketing_api,invoice,3,0,39,0,44,0,0,1,Blocked
customer_support_agent,2,guest,export_report,siem_api,access_policy,5,0,100,0,81,1,4,0,Blocked
customer_support_agent,2,employee,read_record,finance_erp_api,public_knowledge_base,1,0,7,0,29,0,0,1,Blocked
hr_onboarding_agent,4,admin,update_record,devops_ci_api,financial_record,3,0,86,0,60,1,2,1,Blocked
customer_support_agent,3,manager,delete_record,crm_api,customer_profile,3,1,74,0,41,1,0,1,Needs_Human_Approval
finance_reconciliation_agent,3,admin,send_email,crm_api,support_ticket,3,0,61,0,71,0,0,1,Blocked
finance_reconciliation_agent,5,employee,search_records,database_api,sales_pipeline,3,0,54,1,64,0,0,1,Blocked
customer_support_agent,2,employee,approve_payment,finance_erp_api,customer_profile,3,0,94,0,47,1,0,1,Blocked
devops_release_agent,4,vendor,send_email,email_api,public_knowledge_base,1,0,41,0,59,0,1,1,Blocked
customer_support_agent,3,security_admin,create_ticket,ticketing_api,public_knowledge_base,1,1,2,0,24,0,2,1,Allowed
customer_support_agent,3,guest,export_report,siem_api,financial_record,4,0,100,0,94,1,6,1,Blocked
customer_support_agent,4,analyst,download_file,contract_repository_api,sales_pipeline,3,0,66,0,70,1,0,1,Blocked
it_helpdesk_agent,4,contractor,search_records,hris_api,customer_profile,3,0,67,1,70,1,3,1,Blocked
it_helpdesk_agent,4,contractor,approve_payment,file_storage_api,public_knowledge_base,1,0,89,0,28,1,0,1,Blocked
security_monitoring_agent,4,guest,search_records,finance_erp_api,public_knowledge_base,1,0,29,0,31,0,0,1,Blocked
data_analytics_agent,5,contractor,create_ticket,ticketing_api,invoice,3,1,18,0,40,0,0,1,Allowed
customer_support_agent,2,service_account,read_record,ticketing_api,support_ticket,2,1,12,0,26,0,1,1,Allowed
customer_support_agent,3,employee,delete_record,crm_api,public_knowledge_base,1,1,64,0,19,1,2,1,Needs_Human_Approval
customer_support_agent,5,service_account,search_records,ticketing_api,payroll_record,5,1,48,0,70,1,0,1,Needs_Human_Approval
security_monitoring_agent,2,manager,approve_payment,finance_erp_api,api_key_secret,5,1,89,0,60,1,0,1,Blocked
procurement_agent,3,analyst,search_records,ticketing_api,support_ticket,2,0,29,0,36,0,1,1,Blocked
security_monitoring_agent,4,service_account,create_ticket,ticketing_api,sales_pipeline,3,0,42,0,45,0,0,1,Blocked
finance_reconciliation_agent,2,guest,read_record,contract_repository_api,sales_pipeline,3,0,36,0,47,0,0,1,Blocked
hr_onboarding_agent,4,employee,update_record,hris_api,customer_profile,4,0,83,0,50,1,1,1,Blocked
it_helpdesk_agent,3,service_account,create_ticket,ticketing_api,source_code_repo,4,0,51,0,61,0,2,1,Blocked
finance_reconciliation_agent,5,employee,read_record,file_storage_api,access_policy,5,0,70,0,81,0,0,1,Blocked
legal_contract_agent,3,contractor,read_record,crm_api,support_ticket,2,0,40,0,42,0,2,1,Blocked
customer_support_agent,1,employee,read_record,contract_repository_api,payroll_record,5,0,50,0,73,1,2,1,Blocked
hr_onboarding_agent,2,employee,read_record,file_storage_api,financial_record,4,0,64,0,75,0,2,1,Blocked
it_helpdesk_agent,4,analyst,approve_payment,finance_erp_api,public_knowledge_base,1,1,72,0,23,1,0,0,Needs_Human_Approval
procurement_agent,3,guest,update_record,finance_erp_api,sales_pipeline,3,0,86,0,43,1,5,1,Blocked
customer_support_agent,1,contractor,search_records,finance_erp_api,customer_profile,3,1,8,0,40,0,0,1,Allowed
customer_support_agent,1,contractor,search_records,hris_api,customer_profile,3,1,12,0,33,0,1,1,Allowed
customer_support_agent,3,security_admin,export_report,database_api,payroll_record,5,1,59,0,73,1,0,1,Needs_Human_Approval
hr_onboarding_agent,3,vendor,delete_record,file_storage_api,invoice,3,0,100,0,55,1,1,1,Blocked
devops_release_agent,4,service_account,update_record,ticketing_api,payroll_record,5,0,97,0,66,1,3,1,Blocked
it_helpdesk_agent,2,analyst,send_email,email_api,support_ticket,2,1,21,0,63,0,1,1,Allowed
finance_reconciliation_agent,4,manager,export_report,database_api,customer_profile,3,1,52,0,61,0,0,1,Allowed
it_helpdesk_agent,2,employee,update_record,email_api,financial_record,4,0,84,0,68,1,0,1,Blocked
it_helpdesk_agent,2,employee,sync_external_app,external_webhook,employee_file,4,1,77,0,87,1,0,0,Needs_Human_Approval
sales_crm_agent,3,employee,send_email,email_api,payroll_record,5,0,85,0,98,1,3,1,Blocked
data_analytics_agent,4,contractor,search_records,database_api,invoice,3,0,48,0,42,0,2,1,Blocked
finance_reconciliation_agent,1,manager,send_email,email_api,payroll_record,5,0,56,0,100,1,0,1,Blocked
executive_assistant_agent,3,employee,update_record,ticketing_api,public_knowledge_base,1,0,62,0,32,0,5,1,Blocked
sales_crm_agent,3,service_account,search_records,hris_api,financial_record,4,0,43,0,64,0,1,1,Blocked
legal_contract_agent,5,employee,search_records,ticketing_api,support_ticket,2,0,35,0,31,0,0,1,Blocked
legal_contract_agent,4,admin,read_record,file_storage_api,support_ticket,2,0,25,0,50,0,0,1,Blocked
finance_reconciliation_agent,2,analyst,read_record,crm_api,invoice,3,1,4,0,34,0,0,1,Allowed
it_helpdesk_agent,3,service_account,search_records,ticketing_api,sales_pipeline,3,0,35,0,46,0,0,1,Blocked
it_helpdesk_agent,3,admin,approve_payment,finance_erp_api,audit_log,4,1,75,0,56,1,0,0,Needs_Human_Approval
procurement_agent,2,contractor,download_file,crm_api,payroll_record,5,0,99,0,100,1,0,0,Blocked
security_monitoring_agent,4,manager,send_email,database_api,customer_profile,3,0,74,0,68,1,0,0,Blocked
customer_support_agent,3,admin,search_records,database_api,public_knowledge_base,1,1,2,0,24,0,0,1,Allowed
data_analytics_agent,4,employee,read_record,file_storage_api,sales_pipeline,4,1,57,1,63,0,0,1,Blocked
finance_reconciliation_agent,3,contractor,send_email,email_api,payroll_record,5,1,66,0,100,1,0,0,Blocked
hr_onboarding_agent,5,admin,run_script,crm_api,invoice,3,0,100,0,57,1,0,1,Blocked
finance_reconciliation_agent,1,guest,send_email,email_api,customer_profile,3,0,41,0,78,0,0,1,Blocked
hr_onboarding_agent,4,guest,download_file,database_api,public_knowledge_base,1,1,41,0,48,0,0,1,Allowed
procurement_agent,2,employee,search_records,devops_ci_api,invoice,3,1,24,0,43,0,0,1,Allowed
customer_support_agent,3,vendor,export_report,database_api,access_policy,5,0,100,1,100,1,2,1,Blocked
it_helpdesk_agent,1,analyst,approve_payment,hris_api,audit_log,4,1,83,0,46,1,1,1,Blocked
security_monitoring_agent,1,employee,update_record,finance_erp_api,source_code_repo,4,0,75,0,60,1,1,1,Blocked
legal_contract_agent,3,employee,read_record,database_api,system_config,4,0,57,0,60,0,4,1,Blocked
it_helpdesk_agent,2,service_account,send_email,contract_repository_api,invoice,3,0,66,0,72,1,0,1,Blocked
customer_support_agent,4,manager,approve_payment,finance_erp_api,employee_file,4,0,100,0,76,1,2,1,Blocked
finance_reconciliation_agent,4,analyst,download_file,contract_repository_api,public_knowledge_base,1,1,23,0,40,1,0,1,Needs_Human_Approval
finance_reconciliation_agent,1,analyst,create_ticket,ticketing_api,financial_record,4,1,10,0,36,0,0,1,Allowed
it_helpdesk_agent,2,security_admin,download_file,hris_api,support_ticket,2,1,33,0,48,0,0,1,Allowed
finance_reconciliation_agent,2,contractor,send_email,external_webhook,invoice,3,0,98,1,100,1,0,1,Blocked
devops_release_agent,3,analyst,search_records,finance_erp_api,employee_file,4,0,46,0,64,0,0,1,Blocked
it_helpdesk_agent,3,employee,read_record,crm_api,source_code_repo,5,0,73,0,66,1,1,0,Blocked
sales_crm_agent,3,service_account,read_record,contract_repository_api,customer_profile,3,1,17,0,33,0,0,1,Allowed
customer_support_agent,4,security_admin,download_file,database_api,financial_record,4,1,52,0,78,0,1,1,Needs_Human_Approval
legal_contract_agent,2,admin,export_report,email_api,public_knowledge_base,1,1,31,0,44,0,0,0,Allowed
hr_onboarding_agent,2,employee,approve_payment,finance_erp_api,public_knowledge_base,2,1,60,0,26,1,0,1,Needs_Human_Approval
data_analytics_agent,3,analyst,search_records,database_api,public_knowledge_base,1,1,2,0,28,0,0,1,Allowed
procurement_agent,2,vendor,search_records,email_api,public_knowledge_base,1,0,34,0,38,0,1,0,Blocked
hr_onboarding_agent,4,employee,update_record,database_api,support_ticket,2,0,80,0,38,1,2,1,Blocked
procurement_agent,2,contractor,read_record,file_storage_api,public_knowledge_base,1,0,13,0,48,0,1,1,Blocked
it_helpdesk_agent,3,analyst,download_file,file_storage_api,source_code_repo,4,0,83,0,95,1,6,1,Blocked
executive_assistant_agent,2,analyst,create_ticket,database_api,payroll_record,5,0,54,0,78,1,0,1,Blocked
devops_release_agent,1,vendor,export_report,identity_provider_api,customer_profile,3,0,76,0,72,1,1,0,Blocked
it_helpdesk_agent,3,employee,create_ticket,identity_provider_api,access_policy,5,1,55,0,49,1,1,0,Needs_Human_Approval
customer_support_agent,3,service_account,sync_external_app,hris_api,public_knowledge_base,1,1,55,0,60,0,0,1,Allowed
data_analytics_agent,4,service_account,send_email,database_api,system_config,4,1,70,0,67,1,5,1,Needs_Human_Approval
it_helpdesk_agent,2,service_account,export_report,siem_api,sales_pipeline,3,0,55,0,64,0,0,1,Blocked
procurement_agent,4,admin,export_report,database_api,sales_pipeline,3,0,67,0,70,1,0,1,Blocked
it_helpdesk_agent,4,manager,read_record,ticketing_api,sales_pipeline,3,0,52,0,37,0,0,1,Blocked
it_helpdesk_agent,3,guest,send_email,email_api,payroll_record,4,0,74,0,100,1,0,1,Blocked
customer_support_agent,4,security_admin,search_records,finance_erp_api,payroll_record,5,0,61,0,60,1,0,1,Blocked
customer_support_agent,3,analyst,search_records,hris_api,sales_pipeline,3,0,30,0,50,0,0,1,Blocked
sales_crm_agent,1,manager,send_email,email_api,invoice,3,0,33,0,78,0,1,1,Blocked
customer_support_agent,3,guest,export_report,database_api,customer_profile,3,0,82,0,69,1,1,0,Blocked
finance_reconciliation_agent,2,analyst,search_records,file_storage_api,system_config,4,1,30,0,59,0,0,1,Allowed
security_monitoring_agent,5,admin,search_records,crm_api,financial_record,4,1,37,0,50,0,3,1,Allowed
it_helpdesk_agent,2,manager,approve_payment,finance_erp_api,support_ticket,2,1,53,0,26,1,0,1,Needs_Human_Approval
security_monitoring_agent,3,manager,export_report,siem_api,system_config,4,1,61,0,75,0,1,1,Needs_Human_Approval
it_helpdesk_agent,3,analyst,read_record,crm_api,support_ticket,2,1,2,0,20,0,0,1,Allowed
customer_support_agent,3,contractor,search_records,crm_api,sales_pipeline,3,0,38,0,57,1,0,1,Blocked
it_helpdesk_agent,3,analyst,export_report,finance_erp_api,invoice,3,0,64,0,73,0,1,1,Blocked
customer_support_agent,2,analyst,create_ticket,ticketing_api,employee_file,4,1,11,0,54,0,0,1,Allowed
finance_reconciliation_agent,4,analyst,update_record,database_api,employee_file,4,0,87,0,72,1,2,1,Blocked
sales_crm_agent,3,contractor,export_report,database_api,public_knowledge_base,1,1,25,0,29,0,0,1,Allowed
finance_reconciliation_agent,4,analyst,read_record,file_storage_api,support_ticket,2,1,10,0,42,0,0,1,Allowed
finance_reconciliation_agent,1,manager,download_file,contract_repository_api,invoice,3,1,55,0,66,0,6,1,Needs_Human_Approval
procurement_agent,3,employee,read_record,crm_api,support_ticket,2,0,21,0,33,0,0,1,Blocked
customer_support_agent,3,employee,update_record,ticketing_api,invoice,3,0,68,0,61,1,1,1,Blocked
customer_support_agent,3,service_account,search_records,contract_repository_api,customer_profile,3,0,41,0,69,0,1,1,Blocked
data_analytics_agent,5,admin,download_file,file_storage_api,invoice,3,1,46,0,52,0,0,1,Allowed
security_monitoring_agent,3,manager,read_record,finance_erp_api,employee_file,4,0,97,1,94,1,3,1,Blocked
data_analytics_agent,4,admin,download_file,email_api,customer_profile,3,1,45,0,64,0,0,1,Allowed
hr_onboarding_agent,2,guest,change_permission,identity_provider_api,public_knowledge_base,1,0,86,0,29,1,0,1,Blocked
security_monitoring_agent,3,service_account,sync_external_app,database_api,employee_file,4,1,87,0,83,1,3,1,Blocked
hr_onboarding_agent,5,security_admin,update_record,hris_api,public_knowledge_base,1,1,34,0,20,0,2,1,Allowed
legal_contract_agent,3,employee,export_report,finance_erp_api,contract_document,3,1,41,0,68,0,0,1,Needs_Human_Approval
finance_reconciliation_agent,3,analyst,download_file,contract_repository_api,audit_log,4,1,63,0,63,0,0,1,Needs_Human_Approval
hr_onboarding_agent,1,manager,export_report,file_storage_api,support_ticket,2,1,45,0,53,0,2,1,Allowed
procurement_agent,5,employee,search_records,finance_erp_api,customer_profile,3,0,44,0,48,0,1,1,Blocked
sales_crm_agent,3,employee,search_records,database_api,payroll_record,5,0,72,0,81,1,5,1,Blocked
customer_support_agent,3,employee,read_record,crm_api,payroll_record,5,0,58,0,83,1,0,1,Blocked
security_monitoring_agent,4,employee,send_email,email_api,customer_profile,3,1,37,0,67,0,0,1,Needs_Human_Approval
security_monitoring_agent,3,service_account,search_records,database_api,financial_record,3,0,79,1,73,1,2,0,Blocked
procurement_agent,3,contractor,read_record,database_api,customer_profile,3,0,37,0,36,0,1,1,Blocked
customer_support_agent,2,admin,create_ticket,ticketing_api,support_ticket,2,1,2,0,10,0,0,1,Allowed
sales_crm_agent,4,security_admin,search_records,ticketing_api,system_config,4,1,2,0,42,0,0,1,Allowed
procurement_agent,3,analyst,read_record,ticketing_api,public_knowledge_base,1,0,35,0,44,0,1,1,Blocked
procurement_agent,2,manager,download_file,file_storage_api,customer_profile,3,0,65,0,84,1,0,1,Blocked
data_analytics_agent,2,employee,download_file,contract_repository_api,invoice,3,1,33,0,51,0,0,1,Allowed
it_helpdesk_agent,1,employee,sync_external_app,external_webhook,customer_profile,3,0,84,0,80,1,2,1,Blocked
sales_crm_agent,2,guest,read_record,external_webhook,access_policy,5,0,66,0,82,1,0,1,Blocked
data_analytics_agent,1,vendor,update_record,crm_api,sales_pipeline,3,1,58,0,42,0,2,0,Needs_Human_Approval
hr_onboarding_agent,3,guest,sync_external_app,database_api,customer_profile,3,0,100,1,87,0,0,1,Blocked
it_helpdesk_agent,2,guest,update_record,hris_api,support_ticket,2,0,69,0,42,1,3,1,Blocked
sales_crm_agent,2,service_account,export_report,finance_erp_api,access_policy,5,1,63,0,70,1,0,1,Needs_Human_Approval
finance_reconciliation_agent,2,service_account,read_record,hris_api,support_ticket,2,1,2,0,26,1,0,1,Needs_Human_Approval
procurement_agent,3,contractor,read_record,crm_api,invoice,3,1,20,0,44,0,3,1,Allowed
executive_assistant_agent,1,admin,export_report,finance_erp_api,financial_record,4,0,64,0,90,0,0,1,Blocked
hr_onboarding_agent,2,guest,update_record,ticketing_api,invoice,3,1,50,0,28,0,0,1,Allowed
devops_release_agent,4,manager,send_email,email_api,meeting_notes,2,0,46,0,63,0,0,1,Blocked
finance_reconciliation_agent,3,analyst,read_record,crm_api,system_config,4,0,64,0,62,0,4,1,Blocked
hr_onboarding_agent,5,employee,send_email,email_api,employee_file,4,1,56,0,90,0,1,1,Blocked
data_analytics_agent,4,analyst,export_report,crm_api,api_key_secret,5,1,73,0,84,1,0,1,Needs_Human_Approval
it_helpdesk_agent,2,contractor,create_ticket,ticketing_api,system_config,4,1,22,0,57,1,1,1,Needs_Human_Approval
data_analytics_agent,4,manager,read_record,finance_erp_api,support_ticket,2,1,9,0,32,0,0,1,Allowed
finance_reconciliation_agent,2,employee,export_report,crm_api,source_code_repo,4,1,51,0,70,0,0,1,Needs_Human_Approval
customer_support_agent,3,analyst,search_records,ticketing_api,customer_profile,3,1,18,0,42,0,1,1,Allowed
it_helpdesk_agent,3,analyst,export_report,finance_erp_api,public_knowledge_base,1,1,37,0,56,0,0,1,Allowed
sales_crm_agent,3,guest,export_report,ticketing_api,public_knowledge_base,1,0,63,0,41,0,0,1,Blocked
data_analytics_agent,4,guest,export_report,database_api,source_code_repo,4,0,100,1,92,1,4,1,Blocked
data_analytics_agent,4,admin,search_records,finance_erp_api,support_ticket,2,0,35,0,36,0,4,1,Blocked
customer_support_agent,2,guest,read_record,finance_erp_api,audit_log,4,1,33,0,43,0,0,1,Allowed
data_analytics_agent,5,employee,send_email,email_api,public_knowledge_base,1,0,40,0,62,0,1,1,Blocked
security_monitoring_agent,5,vendor,read_record,finance_erp_api,support_ticket,2,1,27,0,23,0,0,1,Allowed
hr_onboarding_agent,3,analyst,search_records,database_api,public_knowledge_base,1,0,17,0,24,0,1,1,Blocked
sales_crm_agent,3,admin,send_email,identity_provider_api,contract_document,3,0,76,0,76,1,2,1,Blocked
customer_support_agent,4,analyst,read_record,crm_api,sales_pipeline,4,1,21,0,45,0,0,1,Allowed
customer_support_agent,1,security_admin,search_records,crm_api,access_policy,5,1,25,0,53,1,0,1,Needs_Human_Approval
sales_crm_agent,2,guest,download_file,hris_api,customer_profile,3,1,58,0,62,0,0,1,Needs_Human_Approval
hr_onboarding_agent,4,manager,export_report,database_api,public_knowledge_base,1,1,27,0,28,0,1,1,Allowed
legal_contract_agent,1,manager,read_record,finance_erp_api,audit_log,4,1,22,0,31,0,2,1,Allowed
devops_release_agent,4,contractor,search_records,database_api,customer_profile,3,0,42,0,50,0,2,1,Blocked
procurement_agent,3,manager,update_record,finance_erp_api,customer_profile,3,0,80,0,44,1,4,1,Blocked
data_analytics_agent,3,employee,read_record,file_storage_api,public_knowledge_base,1,0,11,0,41,0,0,1,Blocked
it_helpdesk_agent,2,analyst,read_record,hris_api,public_knowledge_base,1,1,2,0,13,0,0,1,Allowed
finance_reconciliation_agent,2,contractor,update_record,crm_api,sales_pipeline,3,0,60,0,52,0,1,1,Blocked
devops_release_agent,3,employee,create_ticket,ticketing_api,customer_profile,3,0,32,0,51,0,0,1,Blocked
finance_reconciliation_agent,3,manager,export_report,file_storage_api,contract_document,3,0,72,0,73,1,0,1,Blocked
security_monitoring_agent,1,analyst,download_file,contract_repository_api,public_knowledge_base,1,1,22,0,39,0,0,1,Allowed
devops_release_agent,4,manager,run_script,ticketing_api,invoice,3,0,100,1,66,1,3,1,Blocked
sales_crm_agent,2,contractor,download_file,hris_api,support_ticket,2,0,69,0,60,1,1,0,Blocked
finance_reconciliation_agent,4,vendor,create_ticket,ticketing_api,sales_pipeline,3,0,34,0,46,0,0,1,Blocked
customer_support_agent,2,manager,download_file,database_api,financial_record,4,0,66,0,90,1,0,1,Blocked
sales_crm_agent,1,guest,change_permission,identity_provider_api,customer_profile,3,1,86,0,35,1,0,1,Blocked
sales_crm_agent,2,admin,download_file,contract_repository_api,payroll_record,5,0,77,0,82,1,3,1,Blocked
customer_support_agent,3,admin,export_report,finance_erp_api,public_knowledge_base,1,1,16,0,23,0,0,1,Allowed
customer_support_agent,4,contractor,update_record,email_api,payroll_record,5,0,100,0,86,1,2,1,Blocked
devops_release_agent,1,employee,send_email,email_api,public_knowledge_base,1,0,24,0,58,0,0,1,Blocked
finance_reconciliation_agent,4,manager,search_records,crm_api,employee_file,4,1,22,0,44,0,0,1,Allowed
it_helpdesk_agent,5,contractor,view_audit_log,identity_provider_api,customer_profile,3,0,63,0,66,0,2,1,Blocked
sales_crm_agent,3,admin,export_report,finance_erp_api,customer_profile,4,1,54,0,68,0,0,1,Needs_Human_Approval
sales_crm_agent,2,service_account,read_record,hris_api,system_config,4,0,42,0,58,0,0,1,Blocked
sales_crm_agent,5,contractor,download_file,database_api,financial_record,4,1,66,0,75,1,0,1,Needs_Human_Approval
hr_onboarding_agent,3,analyst,search_records,hris_api,support_ticket,2,0,22,0,38,0,1,1,Blocked
it_helpdesk_agent,4,admin,search_records,finance_erp_api,audit_log,4,1,22,0,54,0,1,1,Allowed
it_helpdesk_agent,2,manager,create_ticket,ticketing_api,employee_file,4,0,50,0,58,0,8,1,Blocked
finance_reconciliation_agent,2,service_account,export_report,database_api,support_ticket,2,1,73,1,61,1,1,1,Blocked
data_analytics_agent,2,analyst,download_file,finance_erp_api,support_ticket,2,0,67,0,40,1,2,1,Blocked
security_monitoring_agent,5,guest,search_records,database_api,customer_profile,2,0,51,0,29,0,0,1,Blocked
data_analytics_agent,4,employee,read_record,contract_repository_api,sales_pipeline,3,0,51,0,59,0,2,1,Blocked
it_helpdesk_agent,3,vendor,download_file,file_storage_api,contract_document,3,0,69,0,77,1,0,1,Blocked
customer_support_agent,1,contractor,download_file,identity_provider_api,customer_profile,3,0,61,0,66,0,0,1,Blocked
it_helpdesk_agent,1,vendor,delete_record,finance_erp_api,api_key_secret,5,0,100,0,72,1,2,1,Blocked
it_helpdesk_agent,4,service_account,export_report,database_api,access_policy,5,1,70,0,76,1,1,1,Needs_Human_Approval
security_monitoring_agent,5,manager,download_file,identity_provider_api,support_ticket,2,1,48,0,60,0,0,1,Allowed
security_monitoring_agent,3,employee,search_records,crm_api,system_config,4,0,46,0,61,0,0,1,Blocked
hr_onboarding_agent,1,analyst,view_audit_log,identity_provider_api,invoice,3,0,53,0,52,0,2,1,Blocked
customer_support_agent,3,security_admin,run_script,email_api,support_ticket,2,1,87,0,22,1,0,1,Blocked
customer_support_agent,2,guest,download_file,contract_repository_api,audit_log,4,0,82,0,70,1,0,1,Blocked
it_helpdesk_agent,4,contractor,search_records,identity_provider_api,financial_record,4,0,64,0,79,0,0,1,Blocked
it_helpdesk_agent,3,contractor,delete_record,finance_erp_api,source_code_repo,4,0,100,0,53,1,0,1,Blocked
data_analytics_agent,4,employee,download_file,contract_repository_api,public_knowledge_base,1,1,19,0,38,0,0,1,Allowed
customer_support_agent,2,manager,read_record,ticketing_api,financial_record,4,0,51,0,66,0,0,1,Blocked
devops_release_agent,4,employee,download_file,database_api,contract_document,3,0,94,1,86,1,1,1,Blocked
customer_support_agent,3,admin,export_report,crm_api,payroll_record,5,0,100,0,97,1,0,1,Blocked
security_monitoring_agent,4,employee,export_report,crm_api,employee_file,4,0,86,0,88,1,1,1,Blocked
it_helpdesk_agent,2,service_account,send_email,email_api,invoice,3,0,49,0,84,0,1,1,Blocked
security_monitoring_agent,5,employee,read_record,email_api,public_knowledge_base,1,0,67,1,57,1,2,1,Blocked
hr_onboarding_agent,3,admin,create_ticket,database_api,support_ticket,3,0,37,0,47,0,0,1,Blocked
it_helpdesk_agent,4,security_admin,update_record,database_api,invoice,3,1,48,0,33,0,1,1,Allowed
finance_reconciliation_agent,3,analyst,download_file,email_api,sales_pipeline,3,0,85,0,68,1,1,1,Blocked
hr_onboarding_agent,3,employee,send_email,hris_api,support_ticket,2,1,47,0,54,0,0,1,Allowed
sales_crm_agent,4,admin,export_report,crm_api,support_ticket,2,0,74,0,70,1,0,0,Blocked
procurement_agent,5,guest,search_records,finance_erp_api,public_knowledge_base,1,1,8,0,19,0,0,1,Allowed
devops_release_agent,3,analyst,sync_external_app,identity_provider_api,customer_profile,3,0,100,0,69,0,3,1,Blocked
hr_onboarding_agent,4,manager,update_record,crm_api,contract_document,3,1,51,0,41,0,1,1,Allowed
sales_crm_agent,3,vendor,export_report,finance_erp_api,invoice,3,0,83,0,80,1,0,0,Blocked
legal_contract_agent,5,analyst,change_permission,email_api,financial_record,4,0,100,0,63,1,0,1,Blocked
customer_support_agent,4,manager,read_record,finance_erp_api,customer_profile,3,1,35,0,43,0,0,1,Allowed
finance_reconciliation_agent,2,analyst,update_record,finance_erp_api,customer_profile,3,1,48,0,35,0,0,1,Allowed
customer_support_agent,3,employee,search_records,database_api,access_policy,5,0,56,0,64,0,0,1,Blocked
finance_reconciliation_agent,5,analyst,read_record,database_api,customer_profile,3,1,20,0,30,0,0,1,Allowed
hr_onboarding_agent,1,analyst,update_record,ticketing_api,customer_profile,3,0,62,0,46,0,1,1,Blocked
procurement_agent,4,employee,search_records,finance_erp_api,audit_log,4,0,42,0,47,0,0,1,Blocked
hr_onboarding_agent,3,contractor,send_email,email_api,source_code_repo,4,0,61,0,78,0,0,1,Blocked
hr_onboarding_agent,2,analyst,read_record,crm_api,contract_document,3,0,29,0,54,0,1,1,Blocked
security_monitoring_agent,4,employee,download_file,ticketing_api,sales_pipeline,3,0,76,0,63,1,0,1,Blocked
security_monitoring_agent,3,vendor,search_records,hris_api,support_ticket,2,0,37,0,32,0,0,1,Blocked
sales_crm_agent,5,employee,export_report,finance_erp_api,financial_record,4,0,83,0,86,1,0,1,Blocked
executive_assistant_agent,3,vendor,search_records,devops_ci_api,sales_pipeline,3,0,60,0,45,0,0,1,Blocked
it_helpdesk_agent,1,contractor,create_ticket,ticketing_api,contract_document,2,0,5,0,25,0,0,1,Blocked
security_monitoring_agent,3,guest,read_record,crm_api,customer_profile,3,0,44,0,30,0,1,1,Blocked
devops_release_agent,3,security_admin,read_record,file_storage_api,employee_file,4,1,15,0,64,0,0,1,Allowed
customer_support_agent,4,service_account,read_record,database_api,invoice,3,0,51,0,47,0,0,1,Blocked
it_helpdesk_agent,4,admin,send_email,email_api,payroll_record,5,0,77,0,100,1,0,1,Blocked
customer_support_agent,3,analyst,search_records,crm_api,customer_profile,3,1,16,0,39,0,0,1,Allowed
data_analytics_agent,3,analyst,send_email,email_api,sales_pipeline,3,1,41,0,64,0,1,1,Allowed
procurement_agent,4,manager,send_email,email_api,public_knowledge_base,1,1,14,0,42,0,0,1,Allowed
it_helpdesk_agent,4,analyst,change_permission,identity_provider_api,public_knowledge_base,1,0,100,0,31,1,0,0,Blocked
sales_crm_agent,3,manager,read_record,contract_repository_api,sales_pipeline,3,1,16,0,37,0,0,1,Allowed
procurement_agent,3,employee,export_report,database_api,support_ticket,2,0,54,0,59,0,1,1,Blocked
customer_support_agent,3,service_account,search_records,database_api,invoice,3,0,53,0,51,0,3,0,Blocked
finance_reconciliation_agent,2,contractor,export_report,siem_api,api_key_secret,5,0,87,0,89,1,1,1,Blocked
procurement_agent,3,manager,change_permission,identity_provider_api,financial_record,4,1,96,0,45,1,0,1,Blocked
security_monitoring_agent,4,employee,search_records,database_api,support_ticket,2,1,7,0,33,0,2,1,Allowed
sales_crm_agent,2,admin,run_script,devops_ci_api,system_config,4,0,100,0,44,1,5,1,Blocked
it_helpdesk_agent,5,vendor,read_record,crm_api,customer_profile,3,0,46,0,47,0,0,1,Blocked
legal_contract_agent,1,employee,download_file,file_storage_api,customer_profile,3,0,64,0,91,0,1,0,Blocked
sales_crm_agent,3,employee,search_records,finance_erp_api,customer_profile,3,1,6,0,35,0,0,1,Allowed
security_monitoring_agent,3,employee,create_ticket,ticketing_api,payroll_record,5,0,52,0,73,1,0,1,Blocked
hr_onboarding_agent,3,manager,export_report,siem_api,public_knowledge_base,1,1,22,0,43,0,0,1,Allowed
security_monitoring_agent,1,security_admin,read_record,ticketing_api,invoice,3,0,40,0,42,0,1,1,Blocked
data_analytics_agent,4,manager,search_records,email_api,system_config,4,0,67,0,59,1,0,1,Blocked
it_helpdesk_agent,4,guest,read_record,contract_repository_api,invoice,3,0,56,0,34,0,2,1,Blocked
security_monitoring_agent,5,admin,search_records,database_api,api_key_secret,5,1,37,0,68,1,1,1,Needs_Human_Approval
security_monitoring_agent,4,employee,create_ticket,siem_api,customer_profile,3,0,67,0,51,1,4,1,Blocked
devops_release_agent,2,contractor,read_record,hris_api,financial_record,4,0,42,0,65,0,0,1,Blocked
security_monitoring_agent,5,employee,read_record,hris_api,system_config,4,1,37,0,45,0,0,1,Allowed
customer_support_agent,4,guest,export_report,database_api,customer_profile,3,1,64,0,55,0,0,1,Needs_Human_Approval
data_analytics_agent,4,guest,read_record,database_api,payroll_record,5,0,65,0,78,1,0,1,Blocked
it_helpdesk_agent,4,contractor,update_record,finance_erp_api,invoice,3,0,75,0,45,1,0,1,Blocked
hr_onboarding_agent,1,employee,update_record,finance_erp_api,source_code_repo,4,1,58,0,44,0,1,0,Needs_Human_Approval
it_helpdesk_agent,3,manager,update_record,ticketing_api,employee_file,4,1,61,0,59,0,0,1,Needs_Human_Approval
customer_support_agent,4,employee,read_record,crm_api,public_knowledge_base,1,1,2,0,13,0,0,1,Allowed
legal_contract_agent,3,employee,download_file,finance_erp_api,system_config,4,0,100,1,92,1,1,1,Blocked
customer_support_agent,3,analyst,search_records,crm_api,invoice,3,0,39,0,47,0,2,1,Blocked
sales_crm_agent,2,manager,update_record,database_api,customer_profile,3,1,57,0,35,1,0,1,Needs_Human_Approval
hr_onboarding_agent,3,employee,run_script,identity_provider_api,source_code_repo,4,0,100,0,60,1,2,1,Blocked
devops_release_agent,3,admin,update_record,ticketing_api,customer_profile,3,0,98,1,59,1,1,1,Blocked
security_monitoring_agent,4,analyst,update_record,hris_api,public_knowledge_base,1,0,66,0,23,1,3,1,Blocked
it_helpdesk_agent,3,service_account,export_report,finance_erp_api,payroll_record,5,1,68,0,89,1,0,1,Blocked
finance_reconciliation_agent,4,employee,update_record,crm_api,access_policy,5,0,92,0,51,1,0,1,Blocked
procurement_agent,3,admin,send_email,file_storage_api,employee_file,4,0,84,0,81,1,0,1,Blocked
executive_assistant_agent,2,security_admin,export_report,siem_api,employee_file,4,0,95,0,81,1,3,0,Blocked
it_helpdesk_agent,2,security_admin,search_records,identity_provider_api,invoice,3,0,42,0,51,0,3,1,Blocked
hr_onboarding_agent,4,guest,search_records,finance_erp_api,support_ticket,2,0,35,0,37,0,0,1,Blocked
customer_support_agent,5,vendor,search_records,hris_api,public_knowledge_base,1,0,34,0,29,0,1,1,Blocked
sales_crm_agent,2,employee,send_email,email_api,public_knowledge_base,1,1,8,0,50,0,0,1,Allowed
security_monitoring_agent,4,guest,send_email,email_api,public_knowledge_base,1,0,44,0,59,0,2,1,Blocked
sales_crm_agent,4,analyst,download_file,file_storage_api,customer_profile,3,0,56,0,68,0,0,1,Blocked
finance_reconciliation_agent,3,security_admin,read_record,database_api,support_ticket,2,0,17,0,33,0,0,1,Blocked
it_helpdesk_agent,2,vendor,export_report,crm_api,customer_profile,2,0,72,0,49,1,3,1,Blocked
it_helpdesk_agent,4,analyst,read_record,crm_api,audit_log,4,1,74,1,64,1,3,1,Blocked
it_helpdesk_agent,3,employee,read_record,contract_repository_api,financial_record,4,0,59,0,60,0,5,1,Blocked
sales_crm_agent,4,contractor,download_file,database_api,payroll_record,5,0,96,0,92,1,2,1,Blocked
sales_crm_agent,2,security_admin,read_record,finance_erp_api,public_knowledge_base,1,0,13,0,35,0,0,1,Blocked
data_analytics_agent,5,contractor,read_record,finance_erp_api,customer_profile,3,1,28,0,37,0,1,1,Allowed
security_monitoring_agent,4,service_account,approve_payment,finance_erp_api,public_knowledge_base,1,0,76,0,40,1,0,1,Blocked
hr_onboarding_agent,2,manager,export_report,identity_provider_api,access_policy,5,1,66,0,76,1,0,1,Needs_Human_Approval
customer_support_agent,3,contractor,download_file,file_storage_api,customer_profile,3,1,42,0,61,0,0,1,Allowed
hr_onboarding_agent,4,analyst,search_records,crm_api,support_ticket,2,0,35,0,39,0,0,1,Blocked
procurement_agent,3,vendor,export_report,database_api,public_knowledge_base,1,0,48,0,44,0,1,1,Blocked
procurement_agent,1,vendor,read_record,database_api,support_ticket,2,0,30,0,38,0,0,1,Blocked
customer_support_agent,1,manager,export_report,finance_erp_api,public_knowledge_base,1,1,17,0,46,0,0,0,Allowed
it_helpdesk_agent,3,admin,read_record,crm_api,source_code_repo,4,1,21,0,46,1,0,1,Needs_Human_Approval
finance_reconciliation_agent,5,analyst,read_record,contract_repository_api,public_knowledge_base,1,0,30,0,32,0,1,1,Blocked
hr_onboarding_agent,4,employee,send_email,database_api,public_knowledge_base,1,1,39,0,31,1,2,1,Needs_Human_Approval
it_helpdesk_agent,3,contractor,download_file,hris_api,customer_profile,3,0,77,0,69,1,2,1,Blocked
data_analytics_agent,3,contractor,read_record,finance_erp_api,employee_file,4,0,53,0,66,0,1,1,Blocked
devops_release_agent,5,employee,export_report,finance_erp_api,payroll_record,5,0,100,0,95,0,5,1,Blocked
security_monitoring_agent,3,vendor,update_record,hris_api,public_knowledge_base,1,0,100,1,56,1,2,1,Blocked
finance_reconciliation_agent,3,manager,create_ticket,ticketing_api,support_ticket,2,0,32,0,35,0,0,0,Blocked
data_analytics_agent,4,admin,search_records,database_api,customer_profile,3,1,7,0,25,0,0,1,Allowed
customer_support_agent,5,manager,search_records,crm_api,support_ticket,2,1,9,0,37,0,0,1,Allowed
finance_reconciliation_agent,3,employee,read_record,contract_repository_api,customer_profile,3,0,49,0,46,0,3,1,Blocked
it_helpdesk_agent,4,employee,read_record,finance_erp_api,support_ticket,2,0,25,0,41,0,1,1,Blocked
finance_reconciliation_agent,3,manager,update_record,finance_erp_api,payroll_record,5,1,64,0,57,1,0,1,Needs_Human_Approval
it_helpdesk_agent,3,manager,read_record,hris_api,payroll_record,5,1,26,0,62,1,0,1,Needs_Human_Approval
sales_crm_agent,1,manager,send_email,email_api,payroll_record,5,0,68,0,99,1,2,1,Blocked
customer_support_agent,3,employee,export_report,finance_erp_api,audit_log,4,0,80,0,71,1,0,1,Blocked
devops_release_agent,3,manager,send_email,email_api,payroll_record,5,0,85,0,100,1,0,1,Blocked
hr_onboarding_agent,3,analyst,search_records,email_api,public_knowledge_base,1,0,26,0,43,0,1,1,Blocked
sales_crm_agent,4,employee,send_email,identity_provider_api,contract_document,4,0,69,0,78,1,1,1,Blocked
security_monitoring_agent,4,contractor,read_record,crm_api,public_knowledge_base,1,0,24,0,29,0,2,1,Blocked
security_monitoring_agent,3,employee,download_file,database_api,public_knowledge_base,1,0,52,0,49,0,1,1,Blocked
sales_crm_agent,3,employee,change_permission,identity_provider_api,support_ticket,2,0,99,0,39,1,0,1,Blocked
sales_crm_agent,4,vendor,run_script,devops_ci_api,system_config,4,0,100,0,59,1,1,1,Blocked
devops_release_agent,4,security_admin,export_report,crm_api,system_config,5,1,52,0,71,1,0,1,Needs_Human_Approval
security_monitoring_agent,1,employee,update_record,ticketing_api,support_ticket,2,0,46,0,36,0,0,1,Blocked
executive_assistant_agent,3,manager,search_records,finance_erp_api,audit_log,4,0,53,0,66,0,2,1,Blocked
customer_support_agent,3,manager,export_report,database_api,payroll_record,5,0,84,0,99,1,1,1,Blocked
customer_support_agent,2,analyst,search_records,database_api,customer_profile,3,0,32,0,65,0,2,1,Blocked
data_analytics_agent,4,contractor,read_record,contract_repository_api,sales_pipeline,3,1,30,0,44,0,0,1,Allowed
sales_crm_agent,2,analyst,export_report,database_api,employee_file,4,0,77,0,85,1,3,1,Blocked
it_helpdesk_agent,5,manager,download_file,identity_provider_api,public_knowledge_base,1,1,36,0,33,1,0,1,Needs_Human_Approval
customer_support_agent,2,manager,create_ticket,ticketing_api,support_ticket,2,1,2,0,22,0,2,1,Allowed
data_analytics_agent,4,analyst,search_records,database_api,support_ticket,2,1,12,0,17,0,1,1,Allowed
it_helpdesk_agent,1,analyst,send_email,hris_api,customer_profile,3,0,62,0,67,0,1,1,Blocked
legal_contract_agent,4,admin,search_records,file_storage_api,api_key_secret,5,0,81,0,86,1,0,1,Blocked
it_helpdesk_agent,3,manager,download_file,file_storage_api,employee_file,4,0,100,1,100,1,1,1,Blocked
procurement_agent,3,manager,search_records,ticketing_api,support_ticket,2,1,2,0,20,0,0,1,Allowed
customer_support_agent,5,security_admin,download_file,file_storage_api,support_ticket,2,1,26,0,64,0,1,1,Allowed
security_monitoring_agent,3,employee,search_records,hris_api,financial_record,4,0,46,0,64,0,1,1,Blocked
hr_onboarding_agent,4,service_account,search_records,database_api,public_knowledge_base,1,1,2,0,19,0,0,1,Allowed
security_monitoring_agent,4,employee,send_email,email_api,sales_pipeline,3,0,67,0,75,1,2,1,Blocked
finance_reconciliation_agent,1,service_account,create_ticket,ticketing_api,customer_profile,3,1,4,0,38,0,0,1,Allowed
customer_support_agent,3,employee,export_report,crm_api,financial_record,4,0,83,0,83,0,1,0,Blocked
executive_assistant_agent,4,employee,update_record,finance_erp_api,system_config,4,1,80,0,58,1,4,1,Needs_Human_Approval
hr_onboarding_agent,2,analyst,download_file,database_api,customer_profile,3,0,58,0,78,0,0,1,Blocked
customer_support_agent,3,admin,send_email,email_api,payroll_record,5,0,76,0,98,1,3,1,Blocked
legal_contract_agent,4,employee,run_script,devops_ci_api,employee_file,4,0,100,0,63,1,2,1,Blocked
legal_contract_agent,2,service_account,read_record,contract_repository_api,sales_pipeline,3,1,9,0,33,0,0,1,Allowed
customer_support_agent,4,analyst,run_script,database_api,api_key_secret,5,0,100,0,66,1,0,1,Blocked
hr_onboarding_agent,3,vendor,change_permission,identity_provider_api,invoice,3,0,100,0,50,1,0,1,Blocked
security_monitoring_agent,5,analyst,create_ticket,ticketing_api,customer_profile,4,0,36,0,56,0,2,1,Blocked
customer_support_agent,3,manager,sync_external_app,crm_api,employee_file,5,0,100,0,98,1,0,1,Blocked
customer_support_agent,2,guest,read_record,contract_repository_api,payroll_record,5,0,64,0,69,1,0,1,Blocked
devops_release_agent,3,admin,create_ticket,email_api,contract_document,3,0,41,0,51,0,0,1,Blocked
legal_contract_agent,4,employee,change_permission,identity_provider_api,invoice,3,1,100,1,56,1,1,1,Blocked
finance_reconciliation_agent,5,admin,export_report,finance_erp_api,access_policy,5,1,62,0,69,1,1,1,Needs_Human_Approval
customer_support_agent,4,analyst,search_records,database_api,access_policy,5,0,59,0,76,1,0,1,Blocked
sales_crm_agent,4,employee,search_records,finance_erp_api,source_code_repo,3,0,41,0,47,0,0,1,Blocked
it_helpdesk_agent,3,contractor,search_records,hris_api,invoice,3,0,51,0,55,0,5,1,Blocked
data_analytics_agent,4,employee,export_report,identity_provider_api,source_code_repo,4,0,98,0,94,1,1,1,Blocked
hr_onboarding_agent,4,admin,read_record,crm_api,audit_log,4,1,41,0,47,0,4,1,Allowed
security_monitoring_agent,4,vendor,search_records,hris_api,customer_profile,3,1,27,0,31,0,0,1,Allowed
hr_onboarding_agent,3,security_admin,read_record,file_storage_api,payroll_record,5,1,37,0,81,1,4,1,Needs_Human_Approval
customer_support_agent,1,contractor,change_permission,identity_provider_api,system_config,4,0,100,0,67,1,0,1,Blocked
it_helpdesk_agent,4,service_account,export_report,crm_api,source_code_repo,4,1,54,0,70,0,1,1,Needs_Human_Approval
customer_support_agent,3,analyst,update_record,finance_erp_api,invoice,3,0,72,0,43,1,1,1,Blocked
it_helpdesk_agent,3,manager,search_records,ticketing_api,meeting_notes,2,0,32,0,40,0,2,1,Blocked
finance_reconciliation_agent,4,employee,send_email,email_api,public_knowledge_base,1,0,44,0,62,0,0,1,Blocked
sales_crm_agent,1,vendor,update_record,database_api,contract_document,3,0,59,0,46,0,0,1,Blocked
it_helpdesk_agent,3,analyst,read_record,crm_api,customer_profile,3,1,41,0,38,0,5,1,Allowed
customer_support_agent,3,employee,search_records,hris_api,customer_profile,3,1,30,0,30,0,5,1,Allowed
customer_support_agent,2,vendor,update_record,file_storage_api,customer_profile,3,1,86,1,55,1,0,1,Blocked
hr_onboarding_agent,1,vendor,update_record,contract_repository_api,system_config,4,0,100,1,76,1,0,0,Blocked
customer_support_agent,4,employee,update_record,database_api,source_code_repo,4,0,87,0,59,1,0,1,Blocked
procurement_agent,4,contractor,read_record,hris_api,sales_pipeline,3,1,20,0,38,0,0,1,Allowed
sales_crm_agent,4,employee,read_record,email_api,contract_document,3,0,63,0,63,0,2,1,Blocked
customer_support_agent,2,employee,send_email,ticketing_api,support_ticket,2,1,21,0,37,0,0,1,Allowed
it_helpdesk_agent,2,employee,update_record,devops_ci_api,invoice,3,0,59,0,50,0,0,1,Blocked
finance_reconciliation_agent,4,manager,send_email,external_webhook,access_policy,5,1,77,0,85,1,0,0,Needs_Human_Approval
customer_support_agent,4,contractor,change_permission,identity_provider_api,audit_log,4,0,100,0,55,1,2,1,Blocked
hr_onboarding_agent,1,service_account,export_report,file_storage_api,audit_log,4,0,79,0,86,1,0,0,Blocked
data_analytics_agent,1,service_account,create_ticket,finance_erp_api,support_ticket,1,1,2,0,18,0,0,0,Allowed
finance_reconciliation_agent,2,guest,update_record,database_api,employee_file,3,0,94,0,62,1,6,1,Blocked
data_analytics_agent,4,manager,approve_payment,crm_api,api_key_secret,4,1,93,0,54,1,0,1,Blocked
customer_support_agent,1,analyst,send_email,email_api,public_knowledge_base,1,0,17,0,67,0,1,1,Blocked
legal_contract_agent,3,analyst,delete_record,database_api,access_policy,5,0,100,0,62,1,3,1,Blocked
it_helpdesk_agent,4,guest,read_record,external_webhook,contract_document,3,0,64,0,57,0,0,1,Blocked
hr_onboarding_agent,5,manager,sync_external_app,crm_api,contract_document,3,0,89,0,59,1,0,1,Blocked
data_analytics_agent,5,guest,read_record,hris_api,payroll_record,5,0,67,0,68,1,1,1,Blocked
customer_support_agent,3,employee,search_records,finance_erp_api,sales_pipeline,2,0,35,0,44,0,0,1,Blocked
finance_reconciliation_agent,3,service_account,download_file,contract_repository_api,sales_pipeline,3,0,67,0,75,1,0,1,Blocked
sales_crm_agent,3,employee,send_email,email_api,support_ticket,2,0,40,0,59,0,0,1,Blocked
it_helpdesk_agent,4,contractor,read_record,hris_api,sales_pipeline,3,1,22,0,23,0,0,1,Allowed
procurement_agent,4,admin,export_report,finance_erp_api,contract_document,3,0,65,0,52,1,0,1,Blocked
finance_reconciliation_agent,5,guest,approve_payment,finance_erp_api,support_ticket,2,0,100,0,38,1,0,0,Blocked
security_monitoring_agent,3,vendor,export_report,crm_api,employee_file,4,0,100,1,100,1,0,1,Blocked
devops_release_agent,5,admin,approve_payment,finance_erp_api,customer_profile,3,0,100,0,54,1,1,1,Blocked
it_helpdesk_agent,5,service_account,read_record,hris_api,access_policy,5,1,57,0,54,1,0,1,Needs_Human_Approval
data_analytics_agent,4,service_account,download_file,file_storage_api,support_ticket,2,0,64,0,66,0,3,1,Blocked
legal_contract_agent,3,guest,search_records,crm_api,public_knowledge_base,1,0,27,0,22,0,0,1,Blocked
security_monitoring_agent,3,employee,search_records,email_api,invoice,3,0,44,0,55,0,0,1,Blocked
sales_crm_agent,4,analyst,read_record,crm_api,payroll_record,5,0,63,0,75,1,0,1,Blocked
hr_onboarding_agent,2,analyst,read_record,crm_api,sales_pipeline,3,0,40,0,47,0,2,1,Blocked
customer_support_agent,2,analyst,export_report,database_api,invoice,3,0,70,0,58,0,3,0,Blocked
data_analytics_agent,4,employee,read_record,email_api,sales_pipeline,3,0,54,0,44,0,0,1,Blocked
legal_contract_agent,4,employee,download_file,hris_api,sales_pipeline,4,0,96,0,88,1,0,1,Blocked
executive_assistant_agent,3,analyst,update_record,database_api,financial_record,4,0,95,0,59,1,4,1,Blocked
data_analytics_agent,3,vendor,read_record,file_storage_api,support_ticket,2,1,24,0,39,0,1,1,Allowed
procurement_agent,2,analyst,run_script,devops_ci_api,support_ticket,2,0,92,0,30,1,0,1,Blocked
customer_support_agent,2,service_account,read_record,file_storage_api,public_knowledge_base,2,1,2,0,19,0,0,1,Allowed
devops_release_agent,3,service_account,search_records,ticketing_api,public_knowledge_base,1,1,2,0,19,0,0,1,Allowed
it_helpdesk_agent,2,employee,sync_external_app,database_api,employee_file,4,0,100,0,93,1,3,1,Blocked
data_analytics_agent,5,guest,sync_external_app,crm_api,customer_profile,4,1,97,0,64,1,0,0,Blocked
devops_release_agent,5,analyst,search_records,ticketing_api,support_ticket,1,0,26,0,30,0,0,1,Blocked
finance_reconciliation_agent,4,analyst,download_file,file_storage_api,contract_document,3,0,71,0,78,1,2,1,Blocked
it_helpdesk_agent,3,employee,export_report,finance_erp_api,sales_pipeline,3,1,45,0,46,0,0,1,Allowed
devops_release_agent,4,contractor,export_report,siem_api,financial_record,4,0,64,0,87,0,1,1,Blocked
legal_contract_agent,3,security_admin,download_file,database_api,sales_pipeline,3,0,47,0,70,0,0,1,Blocked
security_monitoring_agent,1,security_admin,export_report,crm_api,financial_record,4,1,41,0,80,0,1,1,Needs_Human_Approval
legal_contract_agent,1,employee,read_record,database_api,system_config,4,0,51,0,54,0,0,0,Blocked
finance_reconciliation_agent,4,admin,send_email,email_api,support_ticket,2,1,24,0,45,0,0,1,Allowed
sales_crm_agent,3,analyst,send_email,email_api,support_ticket,2,0,40,0,80,0,0,1,Blocked
it_helpdesk_agent,4,employee,view_audit_log,email_api,employee_file,4,0,80,0,70,1,0,1,Blocked
sales_crm_agent,2,analyst,read_record,crm_api,public_knowledge_base,1,0,24,0,33,0,0,1,Blocked
hr_onboarding_agent,3,service_account,update_record,finance_erp_api,employee_file,4,1,75,0,56,1,2,1,Needs_Human_Approval
security_monitoring_agent,1,analyst,download_file,database_api,support_ticket,2,1,33,0,50,0,4,1,Allowed
hr_onboarding_agent,3,analyst,read_record,database_api,support_ticket,2,1,4,0,39,0,1,1,Allowed
security_monitoring_agent,2,employee,download_file,contract_repository_api,support_ticket,2,1,20,0,54,0,0,1,Allowed
legal_contract_agent,4,employee,update_record,siem_api,system_config,4,1,79,0,38,1,1,1,Needs_Human_Approval
sales_crm_agent,3,analyst,read_record,database_api,public_knowledge_base,1,1,2,0,16,0,0,1,Allowed
devops_release_agent,5,employee,approve_payment,finance_erp_api,public_knowledge_base,1,0,100,1,51,1,3,1,Blocked
finance_reconciliation_agent,3,service_account,read_record,file_storage_api,support_ticket,2,0,32,0,37,0,2,1,Blocked
security_monitoring_agent,4,contractor,search_records,siem_api,invoice,3,0,54,0,47,0,2,1,Blocked
sales_crm_agent,1,employee,update_record,ticketing_api,support_ticket,2,0,44,0,46,0,0,1,Blocked
sales_crm_agent,2,contractor,read_record,finance_erp_api,sales_pipeline,3,1,8,0,45,0,0,1,Allowed
sales_crm_agent,1,security_admin,read_record,contract_repository_api,invoice,3,1,9,0,38,0,0,1,Allowed
executive_assistant_agent,4,vendor,update_record,ticketing_api,employee_file,4,1,75,0,48,1,0,0,Needs_Human_Approval
finance_reconciliation_agent,2,analyst,create_ticket,ticketing_api,contract_document,3,0,31,0,49,0,0,1,Blocked
procurement_agent,5,vendor,read_record,database_api,support_ticket,1,0,42,0,22,0,7,1,Blocked
customer_support_agent,2,employee,search_records,email_api,customer_profile,3,1,18,0,38,0,0,1,Allowed
hr_onboarding_agent,4,analyst,send_email,email_api,financial_record,4,0,76,0,100,1,0,0,Blocked
sales_crm_agent,4,analyst,read_record,crm_api,api_key_secret,5,0,56,0,70,1,0,1,Blocked
it_helpdesk_agent,4,manager,read_record,database_api,contract_document,3,1,27,0,38,0,1,1,Allowed
finance_reconciliation_agent,4,service_account,create_ticket,ticketing_api,financial_record,4,0,39,0,68,0,0,1,Blocked
customer_support_agent,3,contractor,search_records,crm_api,support_ticket,2,1,3,0,30,0,0,1,Allowed
customer_support_agent,3,security_admin,update_record,finance_erp_api,support_ticket,2,1,56,1,49,0,1,1,Blocked
it_helpdesk_agent,5,analyst,read_record,finance_erp_api,public_knowledge_base,1,1,3,0,16,0,2,1,Allowed
finance_reconciliation_agent,3,service_account,export_report,finance_erp_api,system_config,4,1,55,0,60,0,0,1,Allowed
data_analytics_agent,1,vendor,approve_payment,database_api,public_knowledge_base,1,0,100,0,31,1,5,1,Blocked
security_monitoring_agent,5,analyst,download_file,file_storage_api,sales_pipeline,3,0,73,0,76,1,2,1,Blocked
procurement_agent,4,analyst,view_audit_log,identity_provider_api,support_ticket,2,0,41,0,34,0,0,1,Blocked
finance_reconciliation_agent,5,manager,run_script,devops_ci_api,invoice,3,1,96,0,39,1,0,1,Blocked
sales_crm_agent,4,analyst,update_record,crm_api,public_knowledge_base,1,0,62,0,27,0,5,1,Blocked
security_monitoring_agent,3,service_account,read_record,hris_api,invoice,3,1,10,0,29,0,0,1,Allowed
customer_support_agent,3,admin,download_file,ticketing_api,sales_pipeline,3,0,71,0,68,1,0,1,Blocked
customer_support_agent,2,contractor,view_audit_log,identity_provider_api,system_config,4,0,65,0,54,1,0,1,Blocked
finance_reconciliation_agent,4,security_admin,download_file,contract_repository_api,invoice,3,0,62,0,65,0,0,1,Blocked
devops_release_agent,3,contractor,create_ticket,devops_ci_api,customer_profile,3,0,47,0,45,0,1,1,Blocked
it_helpdesk_agent,4,manager,change_permission,identity_provider_api,invoice,3,0,100,0,37,1,1,1,Blocked
finance_reconciliation_agent,2,employee,run_script,devops_ci_api,system_config,4,0,100,0,55,1,2,1,Blocked
customer_support_agent,4,vendor,read_record,file_storage_api,financial_record,4,0,93,1,100,1,4,1,Blocked
sales_crm_agent,4,employee,update_record,crm_api,contract_document,4,0,88,0,50,1,1,1,Blocked
executive_assistant_agent,1,admin,update_record,ticketing_api,customer_profile,3,1,39,0,37,0,0,1,Allowed
hr_onboarding_agent,4,employee,update_record,ticketing_api,access_policy,5,0,86,0,66,1,0,1,Blocked
data_analytics_agent,4,manager,download_file,file_storage_api,sales_pipeline,3,1,66,0,65,1,5,0,Needs_Human_Approval
customer_support_agent,4,admin,read_record,database_api,audit_log,4,1,31,0,53,0,0,1,Allowed
security_monitoring_agent,2,analyst,read_record,crm_api,system_config,4,1,24,0,34,0,0,1,Allowed
hr_onboarding_agent,4,manager,search_records,ticketing_api,customer_profile,3,0,62,0,47,0,5,1,Blocked
legal_contract_agent,3,analyst,send_email,database_api,support_ticket,2,1,43,0,48,0,0,1,Allowed
security_monitoring_agent,5,security_admin,read_record,database_api,payroll_record,5,1,41,0,68,1,1,1,Needs_Human_Approval
it_helpdesk_agent,2,analyst,download_file,file_storage_api,contract_document,3,1,44,0,66,0,0,1,Needs_Human_Approval
hr_onboarding_agent,1,contractor,download_file,file_storage_api,contract_document,3,0,53,0,89,0,0,1,Blocked
security_monitoring_agent,4,employee,search_records,finance_erp_api,system_config,4,1,17,0,42,0,0,1,Allowed
devops_release_agent,5,employee,delete_record,crm_api,source_code_repo,4,0,100,0,62,1,0,0,Blocked
sales_crm_agent,2,analyst,search_records,crm_api,customer_profile,3,0,28,0,53,0,0,1,Blocked
security_monitoring_agent,3,analyst,download_file,database_api,support_ticket,3,1,39,0,55,0,0,1,Allowed
security_monitoring_agent,3,guest,read_record,finance_erp_api,sales_pipeline,3,1,39,0,26,0,3,1,Allowed
sales_crm_agent,2,employee,download_file,finance_erp_api,sales_pipeline,3,0,76,0,76,1,0,1,Blocked
procurement_agent,3,employee,export_report,file_storage_api,public_knowledge_base,1,0,74,0,51,1,4,1,Blocked
data_analytics_agent,3,manager,download_file,contract_repository_api,customer_profile,3,1,35,0,60,0,0,1,Allowed
customer_support_agent,3,employee,update_record,file_storage_api,system_config,4,0,100,0,60,1,6,1,Blocked
customer_support_agent,4,employee,send_email,email_api,system_config,4,1,49,0,67,0,0,1,Needs_Human_Approval
procurement_agent,2,contractor,export_report,email_api,public_knowledge_base,2,0,60,0,68,0,0,1,Blocked
data_analytics_agent,3,analyst,read_record,database_api,customer_profile,3,0,45,0,47,0,2,1,Blocked
it_helpdesk_agent,3,manager,download_file,database_api,customer_profile,3,0,57,0,58,0,0,1,Blocked
sales_crm_agent,3,service_account,read_record,contract_repository_api,customer_profile,3,1,11,0,35,0,0,1,Allowed
customer_support_agent,2,employee,create_ticket,ticketing_api,sales_pipeline,3,0,28,0,50,0,0,1,Blocked
data_analytics_agent,3,security_admin,view_audit_log,siem_api,support_ticket,2,0,40,0,35,0,1,1,Blocked
data_analytics_agent,5,guest,send_email,email_api,financial_record,4,0,69,0,100,1,0,1,Blocked
security_monitoring_agent,2,admin,read_record,hris_api,system_config,4,1,13,0,44,0,0,1,Allowed
data_analytics_agent,4,vendor,update_record,ticketing_api,financial_record,4,1,62,0,65,0,0,1,Needs_Human_Approval
data_analytics_agent,3,vendor,search_records,database_api,sales_pipeline,3,1,27,0,36,0,3,1,Allowed
procurement_agent,2,employee,send_email,email_api,sales_pipeline,3,0,51,0,81,0,0,1,Blocked
legal_contract_agent,3,manager,approve_payment,finance_erp_api,sales_pipeline,3,1,64,0,42,1,0,1,Needs_Human_Approval
it_helpdesk_agent,3,vendor,read_record,file_storage_api,audit_log,4,0,54,0,58,0,0,1,Blocked
sales_crm_agent,4,employee,send_email,email_api,customer_profile,3,1,31,0,60,0,0,1,Allowed
it_helpdesk_agent,4,employee,read_record,crm_api,system_config,4,0,68,0,48,1,5,1,Blocked
it_helpdesk_agent,3,employee,run_script,devops_ci_api,access_policy,5,0,100,0,58,1,0,1,Blocked
procurement_agent,3,employee,download_file,database_api,support_ticket,2,0,58,0,55,0,0,0,Blocked
it_helpdesk_agent,3,service_account,approve_payment,finance_erp_api,financial_record,4,0,93,0,55,1,0,1,Blocked
finance_reconciliation_agent,4,contractor,read_record,crm_api,financial_record,4,1,26,0,47,0,0,1,Allowed
security_monitoring_agent,3,employee,approve_payment,finance_erp_api,financial_record,4,1,97,0,48,1,5,1,Blocked
data_analytics_agent,3,analyst,create_ticket,ticketing_api,system_config,4,0,53,0,66,1,0,1,Blocked
finance_reconciliation_agent,3,admin,create_ticket,ticketing_api,support_ticket,2,0,30,0,34,0,2,1,Blocked
it_helpdesk_agent,2,service_account,read_record,crm_api,invoice,3,1,18,0,26,0,1,0,Allowed
customer_support_agent,2,admin,search_records,crm_api,financial_record,4,0,48,0,63,0,1,1,Blocked
finance_reconciliation_agent,3,employee,export_report,siem_api,customer_profile,3,1,44,0,63,0,0,1,Allowed
devops_release_agent,4,analyst,run_script,devops_ci_api,support_ticket,1,0,100,0,30,1,0,1,Blocked
customer_support_agent,3,employee,download_file,database_api,customer_profile,3,1,36,0,43,0,0,1,Allowed
it_helpdesk_agent,4,employee,read_record,database_api,invoice,3,0,53,0,51,0,1,1,Blocked
procurement_agent,3,employee,download_file,contract_repository_api,system_config,4,0,58,0,85,0,0,1,Blocked
hr_onboarding_agent,2,analyst,download_file,email_api,api_key_secret,5,0,100,1,100,1,4,1,Blocked
legal_contract_agent,3,contractor,search_records,hris_api,employee_file,4,1,47,0,51,0,6,0,Allowed
it_helpdesk_agent,3,contractor,sync_external_app,database_api,system_config,3,1,69,0,62,1,0,1,Needs_Human_Approval
data_analytics_agent,3,guest,download_file,database_api,payroll_record,5,0,88,0,100,1,0,1,Blocked
procurement_agent,3,security_admin,read_record,finance_erp_api,invoice,4,1,21,0,49,0,0,1,Allowed
devops_release_agent,3,employee,update_record,database_api,audit_log,4,0,89,0,55,1,2,1,Blocked
sales_crm_agent,4,service_account,update_record,crm_api,financial_record,4,0,84,0,58,1,2,1,Blocked
customer_support_agent,3,employee,send_email,email_api,api_key_secret,5,0,71,0,100,1,1,1,Blocked
it_helpdesk_agent,5,analyst,export_report,crm_api,financial_record,4,0,87,0,100,1,2,1,Blocked
customer_support_agent,3,manager,read_record,finance_erp_api,support_ticket,2,1,16,0,28,0,0,1,Allowed
it_helpdesk_agent,4,analyst,export_report,crm_api,sales_pipeline,3,1,76,1,75,1,1,1,Blocked
customer_support_agent,4,employee,read_record,hris_api,contract_document,3,0,47,0,36,0,1,1,Blocked
it_helpdesk_agent,4,employee,read_record,contract_repository_api,financial_record,4,0,53,0,59,0,0,1,Blocked
customer_support_agent,3,employee,create_ticket,database_api,payroll_record,5,0,80,0,74,1,2,1,Blocked
devops_release_agent,3,employee,read_record,crm_api,access_policy,5,0,58,0,60,1,0,1,Blocked
finance_reconciliation_agent,3,analyst,download_file,contract_repository_api,financial_record,4,1,51,0,74,0,3,1,Needs_Human_Approval
customer_support_agent,3,manager,export_report,siem_api,employee_file,4,1,55,0,75,0,0,1,Needs_Human_Approval
sales_crm_agent,3,service_account,export_report,database_api,financial_record,4,0,75,0,87,1,1,1,Blocked
procurement_agent,3,manager,download_file,database_api,support_ticket,2,0,72,0,54,1,6,1,Blocked
procurement_agent,3,service_account,send_email,email_api,support_ticket,2,1,30,0,56,1,0,1,Needs_Human_Approval
customer_support_agent,4,service_account,export_report,file_storage_api,customer_profile,3,1,61,0,63,0,0,1,Needs_Human_Approval
legal_contract_agent,3,manager,change_permission,hris_api,customer_profile,3,0,100,0,47,1,0,1,Blocked
security_monitoring_agent,2,analyst,create_ticket,ticketing_api,employee_file,4,0,40,0,70,0,0,1,Blocked
it_helpdesk_agent,3,security_admin,read_record,hris_api,support_ticket,1,1,2,0,17,0,0,1,Allowed
it_helpdesk_agent,2,analyst,read_record,database_api,invoice,3,0,45,0,44,1,0,1,Blocked
data_analytics_agent,4,manager,download_file,identity_provider_api,contract_document,3,0,90,0,81,1,3,1,Blocked
sales_crm_agent,2,contractor,create_ticket,ticketing_api,api_key_secret,5,0,91,1,86,1,4,1,Blocked
finance_reconciliation_agent,3,employee,read_record,crm_api,support_ticket,2,1,11,0,35,0,2,1,Allowed
data_analytics_agent,3,employee,search_records,database_api,contract_document,3,0,43,0,52,0,0,1,Blocked
finance_reconciliation_agent,2,contractor,send_email,email_api,support_ticket,2,0,52,0,73,0,0,1,Blocked
legal_contract_agent,3,analyst,download_file,contract_repository_api,system_config,4,0,78,0,78,1,0,1,Blocked
procurement_agent,2,service_account,export_report,database_api,employee_file,4,1,52,0,79,0,0,1,Needs_Human_Approval
data_analytics_agent,4,admin,download_file,database_api,system_config,4,0,81,0,76,1,1,1,Blocked
it_helpdesk_agent,4,security_admin,export_report,finance_erp_api,invoice,3,0,81,0,72,1,6,1,Blocked
executive_assistant_agent,4,contractor,read_record,contract_repository_api,sales_pipeline,3,0,55,0,42,0,2,1,Blocked
customer_support_agent,2,vendor,read_record,crm_api,contract_document,3,0,45,0,42,0,0,1,Blocked
it_helpdesk_agent,4,security_admin,create_ticket,ticketing_api,invoice,3,0,39,0,43,0,0,1,Blocked
finance_reconciliation_agent,3,admin,create_ticket,ticketing_api,api_key_secret,5,1,6,0,69,1,0,1,Needs_Human_Approval
sales_crm_agent,4,employee,export_report,siem_api,audit_log,4,0,73,0,83,1,0,1,Blocked
customer_support_agent,3,guest,update_record,crm_api,sales_pipeline,3,1,60,0,25,0,1,1,Needs_Human_Approval
finance_reconciliation_agent,1,employee,search_records,crm_api,system_config,5,0,54,0,61,1,2,1,Blocked
data_analytics_agent,3,employee,sync_external_app,email_api,audit_log,4,0,100,0,83,0,0,1,Blocked
it_helpdesk_agent,1,employee,search_records,hris_api,customer_profile,3,0,23,0,58,0,0,1,Blocked
procurement_agent,3,service_account,read_record,hris_api,audit_log,4,0,56,0,60,0,0,1,Blocked
executive_assistant_agent,4,admin,read_record,crm_api,public_knowledge_base,1,1,2,0,24,0,0,1,Allowed
data_analytics_agent,4,employee,read_record,email_api,audit_log,4,0,62,0,69,0,1,1,Blocked
security_monitoring_agent,2,manager,approve_payment,finance_erp_api,contract_document,3,0,97,0,44,1,3,1,Blocked
sales_crm_agent,3,employee,send_email,email_api,payroll_record,5,0,81,0,100,1,3,1,Blocked
executive_assistant_agent,3,employee,read_record,hris_api,support_ticket,2,0,25,0,29,0,0,1,Blocked
legal_contract_agent,4,service_account,update_record,database_api,customer_profile,3,0,100,1,72,1,2,1,Blocked
it_helpdesk_agent,4,manager,create_ticket,ticketing_api,sales_pipeline,3,1,15,0,39,0,0,1,Allowed
data_analytics_agent,3,manager,download_file,file_storage_api,public_knowledge_base,1,1,37,0,59,0,5,1,Allowed
legal_contract_agent,2,vendor,send_email,email_api,customer_profile,3,1,57,1,88,1,0,1,Blocked
customer_support_agent,3,employee,update_record,crm_api,public_knowledge_base,1,1,26,0,17,0,1,1,Allowed
hr_onboarding_agent,2,employee,read_record,file_storage_api,customer_profile,3,0,36,0,52,0,1,1,Blocked
it_helpdesk_agent,3,service_account,delete_record,database_api,support_ticket,2,1,63,0,15,1,0,1,Needs_Human_Approval
hr_onboarding_agent,3,manager,search_records,hris_api,source_code_repo,4,0,52,0,56,0,2,1,Blocked
sales_crm_agent,4,vendor,read_record,contract_repository_api,invoice,3,0,47,0,47,0,0,1,Blocked
customer_support_agent,4,employee,read_record,crm_api,audit_log,4,0,93,1,76,1,3,1,Blocked
data_analytics_agent,4,employee,read_record,hris_api,system_config,4,0,53,0,52,0,1,1,Blocked
sales_crm_agent,2,contractor,create_ticket,ticketing_api,customer_profile,3,1,16,0,44,0,3,1,Allowed
sales_crm_agent,5,security_admin,search_records,database_api,invoice,2,0,28,0,36,0,0,1,Blocked
customer_support_agent,2,analyst,approve_payment,email_api,audit_log,4,0,100,0,63,1,0,1,Blocked
data_analytics_agent,2,manager,export_report,database_api,invoice,3,1,36,0,64,0,1,1,Allowed
sales_crm_agent,3,manager,search_records,identity_provider_api,public_knowledge_base,1,1,7,0,4,0,0,1,Allowed
customer_support_agent,1,service_account,read_record,file_storage_api,system_config,3,1,10,0,44,0,0,1,Allowed
customer_support_agent,4,analyst,search_records,hris_api,public_knowledge_base,1,1,7,0,7,0,1,1,Allowed
security_monitoring_agent,3,manager,read_record,crm_api,public_knowledge_base,1,1,41,1,38,0,0,0,Blocked
customer_support_agent,1,employee,delete_record,finance_erp_api,financial_record,4,0,100,0,71,1,1,1,Blocked
it_helpdesk_agent,2,contractor,delete_record,database_api,financial_record,4,0,100,1,79,1,2,1,Blocked
customer_support_agent,3,employee,read_record,email_api,invoice,3,0,43,0,52,0,0,1,Blocked
sales_crm_agent,2,manager,read_record,contract_repository_api,system_config,4,0,43,0,56,0,0,1,Blocked
customer_support_agent,1,employee,update_record,finance_erp_api,audit_log,4,0,75,0,57,1,1,1,Blocked
sales_crm_agent,2,manager,read_record,finance_erp_api,customer_profile,3,1,19,0,33,0,0,1,Allowed
it_helpdesk_agent,4,admin,read_record,email_api,customer_profile,3,0,48,0,66,0,0,1,Blocked
it_helpdesk_agent,3,analyst,send_email,email_api,public_knowledge_base,1,1,14,0,49,0,1,1,Allowed
sales_crm_agent,2,employee,update_record,hris_api,contract_document,3,1,44,0,40,0,0,1,Allowed
sales_crm_agent,2,contractor,run_script,devops_ci_api,invoice,3,0,100,0,54,1,0,1,Blocked
hr_onboarding_agent,3,vendor,search_records,hris_api,customer_profile,3,0,54,0,44,0,0,0,Blocked
it_helpdesk_agent,5,vendor,change_permission,email_api,sales_pipeline,3,0,100,0,57,1,4,1,Blocked
data_analytics_agent,3,analyst,search_records,database_api,support_ticket,1,0,10,0,39,0,1,1,Blocked
finance_reconciliation_agent,4,admin,export_report,finance_erp_api,employee_file,4,1,57,0,77,0,0,1,Needs_Human_Approval
legal_contract_agent,4,contractor,approve_payment,finance_erp_api,public_knowledge_base,1,0,68,0,33,1,0,1,Blocked
finance_reconciliation_agent,3,service_account,download_file,contract_repository_api,financial_record,4,1,80,1,95,1,2,1,Blocked
finance_reconciliation_agent,4,employee,read_record,hris_api,customer_profile,3,0,45,0,46,0,0,1,Blocked
hr_onboarding_agent,5,contractor,search_records,crm_api,public_knowledge_base,1,1,2,0,22,0,0,1,Allowed
sales_crm_agent,1,vendor,delete_record,finance_erp_api,public_knowledge_base,1,1,82,1,25,1,2,1,Blocked
it_helpdesk_agent,3,analyst,export_report,external_webhook,customer_profile,3,0,98,0,69,1,4,0,Blocked
hr_onboarding_agent,2,employee,create_ticket,ticketing_api,customer_profile,3,1,2,0,36,0,1,1,Allowed
finance_reconciliation_agent,1,manager,export_report,finance_erp_api,sales_pipeline,3,0,62,0,86,0,2,1,Blocked
it_helpdesk_agent,5,manager,update_record,database_api,customer_profile,3,0,63,0,48,0,0,1,Blocked
finance_reconciliation_agent,3,vendor,download_file,file_storage_api,customer_profile,3,0,77,0,78,1,1,1,Blocked
legal_contract_agent,3,employee,read_record,finance_erp_api,employee_file,4,0,55,0,57,0,0,1,Blocked
sales_crm_agent,3,vendor,read_record,hris_api,employee_file,4,1,34,0,53,0,0,1,Allowed
data_analytics_agent,1,contractor,create_ticket,ticketing_api,public_knowledge_base,1,0,6,0,21,0,0,1,Blocked
sales_crm_agent,3,manager,send_email,email_api,customer_profile,3,1,49,0,65,0,6,1,Needs_Human_Approval
hr_onboarding_agent,3,employee,export_report,finance_erp_api,support_ticket,2,0,57,0,54,0,0,1,Blocked
customer_support_agent,5,security_admin,update_record,ticketing_api,support_ticket,2,1,40,0,13,0,1,1,Allowed
finance_reconciliation_agent,3,contractor,search_records,database_api,invoice,3,1,5,0,35,0,1,1,Allowed
devops_release_agent,2,contractor,sync_external_app,external_webhook,source_code_repo,4,1,72,0,79,0,1,1,Needs_Human_Approval
data_analytics_agent,4,employee,search_records,ticketing_api,invoice,3,1,24,0,35,0,0,0,Allowed
security_monitoring_agent,5,vendor,sync_external_app,crm_api,support_ticket,2,1,70,0,52,1,0,1,Needs_Human_Approval
finance_reconciliation_agent,1,security_admin,send_email,email_api,support_ticket,2,0,31,0,73,0,2,1,Blocked
security_monitoring_agent,2,manager,search_records,ticketing_api,customer_profile,3,0,28,0,40,0,1,1,Blocked
customer_support_agent,3,analyst,update_record,hris_api,sales_pipeline,3,0,74,0,44,1,0,1,Blocked
security_monitoring_agent,5,service_account,download_file,file_storage_api,access_policy,5,0,100,0,84,1,6,1,Blocked
customer_support_agent,3,employee,read_record,finance_erp_api,financial_record,4,0,53,0,56,0,1,1,Blocked
sales_crm_agent,2,guest,update_record,crm_api,customer_profile,3,0,72,0,41,1,0,0,Blocked
devops_release_agent,2,vendor,export_report,finance_erp_api,public_knowledge_base,1,0,56,0,57,0,3,1,Blocked
hr_onboarding_agent,2,manager,download_file,contract_repository_api,support_ticket,2,0,69,0,74,1,5,1,Blocked
customer_support_agent,3,security_admin,search_records,finance_erp_api,customer_profile,4,1,35,0,40,0,4,1,Allowed
legal_contract_agent,4,vendor,export_report,finance_erp_api,system_config,4,0,85,0,78,0,0,1,Blocked
procurement_agent,2,employee,search_records,finance_erp_api,public_knowledge_base,1,0,36,0,27,0,5,0,Blocked
sales_crm_agent,2,contractor,export_report,external_webhook,sales_pipeline,3,1,47,0,68,0,1,1,Needs_Human_Approval
devops_release_agent,2,employee,export_report,database_api,access_policy,5,0,100,1,100,1,2,1,Blocked
executive_assistant_agent,3,manager,delete_record,database_api,public_knowledge_base,1,0,67,0,52,1,1,1,Blocked
security_monitoring_agent,5,analyst,read_record,hris_api,system_config,4,0,45,0,62,0,1,1,Blocked
procurement_agent,3,employee,read_record,file_storage_api,sales_pipeline,3,0,41,0,55,0,1,1,Blocked
customer_support_agent,5,analyst,update_record,crm_api,support_ticket,2,1,46,0,38,0,0,1,Allowed
it_helpdesk_agent,2,employee,export_report,crm_api,invoice,3,0,69,0,64,1,2,1,Blocked
customer_support_agent,4,employee,run_script,devops_ci_api,customer_profile,3,0,100,0,43,1,1,1,Blocked
legal_contract_agent,2,employee,send_email,email_api,financial_record,4,0,70,0,81,1,0,0,Blocked
procurement_agent,4,manager,search_records,devops_ci_api,sales_pipeline,3,0,55,0,41,0,1,1,Blocked
sales_crm_agent,3,manager,view_audit_log,identity_provider_api,system_config,5,1,65,0,46,1,0,1,Needs_Human_Approval
customer_support_agent,3,vendor,read_record,email_api,payroll_record,5,0,74,0,73,1,0,1,Blocked
customer_support_agent,2,analyst,search_records,hris_api,sales_pipeline,3,0,48,0,47,0,4,1,Blocked
executive_assistant_agent,3,manager,update_record,crm_api,support_ticket,1,0,60,0,25,0,2,1,Blocked
data_analytics_agent,5,manager,update_record,crm_api,customer_profile,3,1,63,0,37,0,0,1,Needs_Human_Approval
it_helpdesk_agent,3,manager,read_record,crm_api,support_ticket,2,0,34,0,45,0,2,1,Blocked
devops_release_agent,4,manager,update_record,hris_api,contract_document,3,0,74,0,49,1,0,1,Blocked
security_monitoring_agent,3,service_account,update_record,database_api,employee_file,4,0,90,0,58,1,4,1,Blocked
sales_crm_agent,4,manager,create_ticket,ticketing_api,support_ticket,2,0,41,0,34,0,2,0,Blocked
customer_support_agent,1,employee,create_ticket,ticketing_api,system_config,4,0,39,0,51,0,1,1,Blocked
legal_contract_agent,3,contractor,read_record,database_api,support_ticket,2,1,6,0,15,0,0,1,Allowed
customer_support_agent,3,manager,export_report,database_api,financial_record,4,0,76,0,88,1,0,1,Blocked
sales_crm_agent,3,employee,delete_record,finance_erp_api,support_ticket,2,0,85,0,39,1,0,1,Blocked
it_helpdesk_agent,4,guest,send_email,devops_ci_api,public_knowledge_base,1,0,82,1,62,1,0,1,Blocked
sales_crm_agent,2,employee,run_script,devops_ci_api,financial_record,4,0,100,0,67,1,1,1,Blocked
it_helpdesk_agent,4,admin,read_record,crm_api,public_knowledge_base,1,1,2,0,17,0,4,1,Allowed
customer_support_agent,3,guest,read_record,hris_api,financial_record,4,0,55,0,71,0,1,0,Blocked
executive_assistant_agent,3,analyst,search_records,ticketing_api,customer_profile,3,1,20,0,43,0,0,1,Allowed
it_helpdesk_agent,4,analyst,create_ticket,ticketing_api,payroll_record,5,0,59,0,64,1,0,1,Blocked
sales_crm_agent,3,analyst,send_email,email_api,payroll_record,5,0,83,0,100,1,4,1,Blocked
security_monitoring_agent,3,analyst,view_audit_log,file_storage_api,customer_profile,2,0,77,0,40,1,6,1,Blocked
customer_support_agent,3,service_account,search_records,finance_erp_api,system_config,4,0,37,0,49,0,1,1,Blocked
procurement_agent,2,employee,read_record,crm_api,support_ticket,2,1,2,0,31,0,1,1,Allowed
hr_onboarding_agent,5,manager,read_record,ticketing_api,invoice,3,0,59,0,46,0,0,1,Blocked
security_monitoring_agent,3,employee,update_record,database_api,customer_profile,3,0,68,0,51,1,0,1,Blocked
data_analytics_agent,4,analyst,read_record,database_api,financial_record,4,1,27,0,64,0,0,1,Allowed
customer_support_agent,4,service_account,export_report,email_api,payroll_record,5,1,87,0,95,1,0,1,Blocked
customer_support_agent,2,analyst,read_record,crm_api,contract_document,3,0,48,0,51,0,2,1,Blocked
sales_crm_agent,2,security_admin,send_email,email_api,contract_document,3,0,45,0,79,0,1,1,Blocked
sales_crm_agent,1,manager,view_audit_log,crm_api,financial_record,4,0,73,0,64,1,0,1,Blocked
it_helpdesk_agent,2,analyst,send_email,email_api,public_knowledge_base,1,1,9,0,47,0,1,1,Allowed
customer_support_agent,5,admin,search_records,database_api,customer_profile,3,1,17,0,39,0,0,1,Allowed
customer_support_agent,1,admin,run_script,devops_ci_api,contract_document,3,0,100,0,47,1,2,1,Blocked
it_helpdesk_agent,3,employee,search_records,ticketing_api,support_ticket,2,1,2,0,30,0,0,1,Allowed
customer_support_agent,4,security_admin,export_report,crm_api,access_policy,5,1,63,0,76,1,0,1,Needs_Human_Approval
finance_reconciliation_agent,3,employee,run_script,database_api,support_ticket,2,0,100,0,35,1,0,1,Blocked
hr_onboarding_agent,4,guest,export_report,siem_api,employee_file,4,0,81,0,91,1,1,1,Blocked
data_analytics_agent,2,contractor,search_records,database_api,access_policy,5,0,63,0,59,1,3,1,Blocked
finance_reconciliation_agent,4,contractor,sync_external_app,database_api,support_ticket,1,0,78,0,52,1,0,0,Blocked
legal_contract_agent,4,manager,read_record,contract_repository_api,contract_document,3,1,23,0,35,0,1,1,Allowed
it_helpdesk_agent,2,contractor,delete_record,contract_repository_api,support_ticket,2,1,79,0,19,1,0,1,Needs_Human_Approval
executive_assistant_agent,2,contractor,search_records,finance_erp_api,invoice,3,1,16,0,42,0,1,1,Allowed
procurement_agent,4,employee,export_report,hris_api,invoice,3,1,74,0,41,1,0,1,Needs_Human_Approval
customer_support_agent,2,employee,read_record,finance_erp_api,source_code_repo,4,0,44,0,43,0,0,1,Blocked
customer_support_agent,3,analyst,create_ticket,ticketing_api,employee_file,4,0,48,0,61,0,2,1,Blocked
hr_onboarding_agent,3,manager,send_email,email_api,employee_file,4,1,55,0,82,0,0,1,Needs_Human_Approval
finance_reconciliation_agent,2,guest,search_records,crm_api,customer_profile,3,1,18,0,42,0,0,1,Allowed
it_helpdesk_agent,5,analyst,read_record,hris_api,financial_record,4,0,64,0,61,0,2,1,Blocked
procurement_agent,4,service_account,download_file,file_storage_api,financial_record,4,1,59,0,88,0,0,1,Blocked
finance_reconciliation_agent,1,security_admin,search_records,ticketing_api,contract_document,3,1,2,0,42,0,0,1,Allowed
customer_support_agent,2,contractor,download_file,file_storage_api,public_knowledge_base,1,1,20,0,47,1,0,1,Needs_Human_Approval
hr_onboarding_agent,1,employee,update_record,finance_erp_api,invoice,4,1,58,0,35,0,0,1,Needs_Human_Approval
data_analytics_agent,2,analyst,change_permission,identity_provider_api,invoice,3,0,98,0,48,1,0,1,Blocked
devops_release_agent,2,vendor,search_records,devops_ci_api,sales_pipeline,3,0,47,0,37,0,0,1,Blocked
hr_onboarding_agent,2,analyst,update_record,ticketing_api,access_policy,5,0,90,0,73,1,1,1,Blocked
security_monitoring_agent,3,manager,search_records,hris_api,invoice,3,1,21,0,18,0,0,1,Allowed
it_helpdesk_agent,2,analyst,sync_external_app,database_api,audit_log,4,1,65,0,61,1,0,1,Needs_Human_Approval
hr_onboarding_agent,4,employee,download_file,database_api,customer_profile,3,1,43,0,57,0,0,1,Allowed
data_analytics_agent,4,contractor,read_record,hris_api,access_policy,5,0,62,0,58,1,0,1,Blocked
procurement_agent,3,manager,create_ticket,ticketing_api,invoice,3,1,10,0,27,0,0,1,Allowed
finance_reconciliation_agent,2,contractor,export_report,database_api,api_key_secret,5,0,77,0,100,1,0,1,Blocked
procurement_agent,3,employee,download_file,database_api,invoice,3,1,36,0,66,0,0,1,Needs_Human_Approval
finance_reconciliation_agent,3,employee,delete_record,hris_api,support_ticket,2,0,91,0,32,1,1,1,Blocked
finance_reconciliation_agent,3,admin,create_ticket,ticketing_api,customer_profile,3,1,5,0,35,0,1,0,Allowed
data_analytics_agent,4,analyst,download_file,contract_repository_api,access_policy,5,0,82,0,93,1,0,1,Blocked
hr_onboarding_agent,1,employee,read_record,hris_api,payroll_record,5,0,40,0,69,1,0,1,Blocked
finance_reconciliation_agent,1,guest,read_record,crm_api,support_ticket,2,1,3,0,24,0,0,1,Allowed
sales_crm_agent,4,service_account,create_ticket,database_api,financial_record,4,1,36,0,66,0,1,1,Needs_Human_Approval
security_monitoring_agent,3,employee,create_ticket,database_api,system_config,4,1,30,0,48,0,0,1,Allowed
security_monitoring_agent,4,employee,read_record,hris_api,public_knowledge_base,1,0,22,0,28,0,1,1,Blocked
security_monitoring_agent,5,analyst,update_record,hris_api,source_code_repo,4,0,77,0,61,0,0,1,Blocked
customer_support_agent,1,employee,send_email,crm_api,sales_pipeline,3,1,32,0,58,1,0,1,Needs_Human_Approval
hr_onboarding_agent,4,employee,export_report,database_api,customer_profile,3,0,66,0,82,1,2,1,Blocked
customer_support_agent,1,admin,send_email,finance_erp_api,support_ticket,2,1,19,0,57,0,0,1,Allowed
hr_onboarding_agent,3,contractor,send_email,email_api,api_key_secret,4,0,66,0,97,1,1,1,Blocked
finance_reconciliation_agent,3,manager,download_file,database_api,support_ticket,2,1,37,0,52,0,0,1,Allowed
it_helpdesk_agent,4,analyst,search_records,ticketing_api,contract_document,3,1,21,0,32,0,0,1,Allowed
procurement_agent,3,contractor,read_record,siem_api,audit_log,4,0,55,0,64,0,1,1,Blocked
customer_support_agent,3,employee,create_ticket,ticketing_api,api_key_secret,5,0,55,0,74,1,5,1,Blocked
finance_reconciliation_agent,3,security_admin,read_record,file_storage_api,invoice,3,1,15,0,43,0,2,1,Allowed
customer_support_agent,3,service_account,export_report,siem_api,employee_file,4,0,80,0,79,1,2,1,Blocked
hr_onboarding_agent,3,employee,update_record,hris_api,employee_file,5,1,58,0,58,1,0,1,Needs_Human_Approval
executive_assistant_agent,3,security_admin,search_records,finance_erp_api,invoice,3,0,45,0,57,0,1,1,Blocked
security_monitoring_agent,5,analyst,read_record,finance_erp_api,employee_file,4,1,27,0,61,0,0,1,Allowed
legal_contract_agent,3,vendor,search_records,crm_api,sales_pipeline,3,0,27,0,52,0,1,1,Blocked
hr_onboarding_agent,3,analyst,create_ticket,devops_ci_api,customer_profile,3,0,48,0,39,0,0,1,Blocked
it_helpdesk_agent,4,analyst,send_email,database_api,financial_record,4,0,73,0,84,1,0,1,Blocked
customer_support_agent,1,employee,export_report,crm_api,support_ticket,2,1,20,0,47,0,0,1,Allowed
security_monitoring_agent,4,service_account,search_records,ticketing_api,financial_record,4,0,42,0,62,0,0,1,Blocked
it_helpdesk_agent,3,manager,read_record,ticketing_api,support_ticket,2,1,16,0,27,0,2,1,Allowed
data_analytics_agent,4,employee,create_ticket,ticketing_api,sales_pipeline,3,1,29,0,36,1,2,1,Needs_Human_Approval
finance_reconciliation_agent,3,service_account,download_file,contract_repository_api,public_knowledge_base,1,1,17,0,38,0,0,1,Allowed
legal_contract_agent,3,manager,run_script,devops_ci_api,payroll_record,5,1,100,0,62,1,0,1,Blocked
finance_reconciliation_agent,4,employee,read_record,file_storage_api,public_knowledge_base,1,0,24,0,27,0,0,0,Blocked
customer_support_agent,2,employee,send_email,email_api,support_ticket,2,1,19,0,50,0,0,1,Allowed
sales_crm_agent,1,service_account,update_record,finance_erp_api,customer_profile,3,1,45,0,41,0,0,1,Allowed
data_analytics_agent,3,analyst,run_script,devops_ci_api,contract_document,3,0,100,0,47,1,2,1,Blocked
security_monitoring_agent,3,analyst,export_report,siem_api,public_knowledge_base,1,0,51,0,49,0,1,1,Blocked
hr_onboarding_agent,4,manager,read_record,crm_api,sales_pipeline,3,0,34,0,41,0,1,1,Blocked
hr_onboarding_agent,5,service_account,download_file,contract_repository_api,customer_profile,3,1,41,0,70,0,0,1,Needs_Human_Approval
devops_release_agent,2,contractor,download_file,contract_repository_api,source_code_repo,4,1,65,0,69,1,3,1,Needs_Human_Approval
procurement_agent,3,manager,send_email,email_api,public_knowledge_base,1,1,14,0,57,0,0,1,Allowed
finance_reconciliation_agent,3,service_account,update_record,hris_api,support_ticket,2,0,53,0,25,0,1,1,Blocked
finance_reconciliation_agent,3,manager,update_record,database_api,employee_file,4,1,58,0,47,0,0,1,Needs_Human_Approval
it_helpdesk_agent,3,analyst,send_email,crm_api,support_ticket,2,1,33,0,55,0,0,1,Allowed
devops_release_agent,3,service_account,search_records,crm_api,system_config,3,1,12,0,38,0,0,1,Allowed
finance_reconciliation_agent,5,contractor,create_ticket,ticketing_api,contract_document,3,0,34,0,46,0,1,1,Blocked
procurement_agent,4,manager,delete_record,crm_api,support_ticket,2,1,72,0,32,1,1,1,Needs_Human_Approval
data_analytics_agent,3,analyst,update_record,database_api,invoice,3,1,54,0,39,0,2,1,Allowed
procurement_agent,3,employee,read_record,hris_api,system_config,5,0,62,0,58,1,0,1,Blocked
it_helpdesk_agent,3,manager,download_file,database_api,support_ticket,2,1,60,0,55,0,5,1,Needs_Human_Approval
devops_release_agent,2,vendor,send_email,email_api,financial_record,4,0,61,0,88,0,0,1,Blocked
data_analytics_agent,1,analyst,search_records,database_api,financial_record,4,1,20,0,64,0,0,1,Allowed
it_helpdesk_agent,3,admin,view_audit_log,siem_api,employee_file,3,0,53,0,63,0,1,1,Blocked
it_helpdesk_agent,2,manager,export_report,crm_api,employee_file,4,1,58,0,74,0,0,1,Needs_Human_Approval
it_helpdesk_agent,2,service_account,search_records,database_api,support_ticket,2,1,2,0,28,0,0,1,Allowed
finance_reconciliation_agent,4,service_account,update_record,crm_api,audit_log,5,1,74,0,56,1,3,1,Needs_Human_Approval
procurement_agent,4,security_admin,send_email,email_api,public_knowledge_base,1,1,5,0,43,0,0,1,Allowed
executive_assistant_agent,2,guest,update_record,ticketing_api,payroll_record,5,0,100,0,70,1,0,1,Blocked
finance_reconciliation_agent,3,analyst,read_record,crm_api,sales_pipeline,3,0,41,0,39,0,1,1,Blocked
data_analytics_agent,3,employee,download_file,contract_repository_api,access_policy,5,0,95,0,95,1,0,1,Blocked
finance_reconciliation_agent,4,manager,download_file,contract_repository_api,contract_document,3,1,54,0,56,0,0,1,Allowed
data_analytics_agent,4,analyst,search_records,hris_api,sales_pipeline,3,1,18,0,35,0,0,1,Allowed
customer_support_agent,3,contractor,export_report,database_api,public_knowledge_base,1,0,49,0,55,0,0,1,Blocked
sales_crm_agent,4,employee,create_ticket,ticketing_api,support_ticket,2,0,26,0,39,0,0,1,Blocked
sales_crm_agent,3,manager,send_email,email_api,payroll_record,5,0,70,0,100,1,1,1,Blocked
data_analytics_agent,4,security_admin,read_record,file_storage_api,access_policy,5,1,36,0,80,1,0,1,Needs_Human_Approval
legal_contract_agent,3,employee,read_record,devops_ci_api,support_ticket,2,0,41,0,51,0,0,1,Blocked
devops_release_agent,3,employee,read_record,crm_api,invoice,3,0,48,0,37,0,0,0,Blocked
customer_support_agent,2,contractor,search_records,crm_api,payroll_record,5,0,52,0,83,1,0,1,Blocked
sales_crm_agent,3,employee,send_email,file_storage_api,support_ticket,2,1,35,0,64,0,0,1,Allowed
it_helpdesk_agent,4,admin,delete_record,devops_ci_api,audit_log,4,0,100,0,62,1,0,1,Blocked
sales_crm_agent,2,admin,view_audit_log,ticketing_api,access_policy,5,0,100,0,69,1,0,1,Blocked
sales_crm_agent,2,service_account,read_record,siem_api,financial_record,4,0,53,0,64,0,0,1,Blocked
hr_onboarding_agent,3,service_account,read_record,hris_api,system_config,4,0,57,0,47,0,4,1,Blocked
sales_crm_agent,4,manager,export_report,finance_erp_api,support_ticket,2,1,46,0,36,0,0,1,Allowed
devops_release_agent,4,contractor,export_report,database_api,customer_profile,3,0,67,0,70,1,1,1,Blocked
devops_release_agent,5,contractor,run_script,devops_ci_api,sales_pipeline,3,1,100,0,32,1,0,1,Blocked
procurement_agent,3,service_account,download_file,ticketing_api,audit_log,4,0,87,0,88,1,0,1,Blocked
finance_reconciliation_agent,1,service_account,search_records,crm_api,customer_profile,3,1,9,0,55,0,0,1,Allowed
finance_reconciliation_agent,5,employee,send_email,email_api,customer_profile,3,1,38,0,66,0,0,1,Needs_Human_Approval
security_monitoring_agent,5,admin,read_record,ticketing_api,employee_file,4,0,71,0,63,1,0,1,Blocked
data_analytics_agent,4,employee,read_record,finance_erp_api,system_config,4,0,65,0,55,0,0,0,Blocked
it_helpdesk_agent,3,security_admin,read_record,file_storage_api,system_config,4,1,20,0,54,0,0,1,Allowed
it_helpdesk_agent,2,analyst,view_audit_log,siem_api,sales_pipeline,3,0,52,0,35,0,0,1,Blocked
procurement_agent,4,analyst,read_record,contract_repository_api,financial_record,4,1,19,0,48,0,0,1,Allowed
it_helpdesk_agent,5,admin,update_record,ticketing_api,api_key_secret,5,0,100,0,75,1,5,1,Blocked
security_monitoring_agent,3,employee,read_record,finance_erp_api,payroll_record,5,0,60,0,80,0,0,1,Blocked
legal_contract_agent,4,vendor,update_record,file_storage_api,system_config,4,0,100,0,67,1,3,1,Blocked
customer_support_agent,5,manager,run_script,email_api,contract_document,3,0,100,0,54,1,0,1,Blocked
customer_support_agent,3,guest,send_email,email_api,invoice,3,0,88,1,98,1,0,1,Blocked
legal_contract_agent,4,manager,approve_payment,finance_erp_api,source_code_repo,4,1,78,0,46,1,0,1,Needs_Human_Approval
data_analytics_agent,4,employee,run_script,devops_ci_api,system_config,5,0,100,0,59,1,0,1,Blocked
hr_onboarding_agent,3,admin,read_record,file_storage_api,contract_document,3,1,5,0,40,0,0,1,Allowed
executive_assistant_agent,4,manager,read_record,contract_repository_api,customer_profile,4,0,57,0,58,0,0,1,Blocked
customer_support_agent,3,analyst,update_record,crm_api,financial_record,4,0,80,0,70,1,0,1,Blocked
executive_assistant_agent,3,manager,search_records,siem_api,public_knowledge_base,1,0,33,0,40,0,1,1,Blocked
hr_onboarding_agent,2,contractor,read_record,file_storage_api,public_knowledge_base,1,1,2,0,32,0,0,1,Allowed
sales_crm_agent,3,analyst,send_email,email_api,source_code_repo,4,0,85,0,81,1,5,1,Blocked
it_helpdesk_agent,3,contractor,create_ticket,crm_api,contract_document,3,0,48,0,43,0,7,1,Blocked
sales_crm_agent,2,analyst,read_record,file_storage_api,public_knowledge_base,1,1,2,0,41,0,0,1,Allowed
legal_contract_agent,4,analyst,update_record,hris_api,public_knowledge_base,1,0,59,0,34,0,2,1,Blocked
data_analytics_agent,5,manager,delete_record,finance_erp_api,public_knowledge_base,1,0,82,0,31,1,1,1,Blocked
customer_support_agent,3,employee,download_file,database_api,payroll_record,5,0,84,0,100,1,0,1,Blocked
procurement_agent,2,analyst,download_file,file_storage_api,financial_record,4,1,70,1,100,1,0,1,Blocked
customer_support_agent,1,analyst,update_record,database_api,system_config,4,0,77,0,53,1,2,1,Blocked
hr_onboarding_agent,3,security_admin,read_record,ticketing_api,source_code_repo,4,0,50,0,63,0,1,1,Blocked
executive_assistant_agent,3,service_account,search_records,hris_api,customer_profile,3,1,2,0,31,0,0,1,Allowed
it_helpdesk_agent,4,security_admin,create_ticket,ticketing_api,invoice,3,0,46,0,56,0,3,1,Blocked
legal_contract_agent,2,vendor,read_record,file_storage_api,public_knowledge_base,1,0,22,0,30,0,1,1,Blocked
legal_contract_agent,4,vendor,update_record,finance_erp_api,system_config,4,0,95,0,55,1,1,0,Blocked
customer_support_agent,3,employee,read_record,contract_repository_api,invoice,3,0,32,0,54,0,1,1,Blocked
hr_onboarding_agent,3,analyst,delete_record,file_storage_api,public_knowledge_base,1,0,100,0,49,0,2,0,Blocked
sales_crm_agent,3,employee,export_report,finance_erp_api,invoice,3,0,73,0,72,1,0,0,Blocked
finance_reconciliation_agent,3,employee,create_ticket,ticketing_api,customer_profile,3,0,38,0,47,0,0,1,Blocked
finance_reconciliation_agent,2,admin,search_records,hris_api,public_knowledge_base,1,0,19,0,29,0,0,1,Blocked
customer_support_agent,2,employee,update_record,crm_api,employee_file,4,0,88,0,60,1,2,1,Blocked
data_analytics_agent,5,analyst,export_report,crm_api,payroll_record,5,0,95,0,87,1,1,1,Blocked
sales_crm_agent,4,admin,create_ticket,ticketing_api,customer_profile,3,0,49,0,52,0,0,1,Blocked
security_monitoring_agent,1,employee,read_record,hris_api,public_knowledge_base,1,0,14,0,19,0,0,1,Blocked
security_monitoring_agent,5,employee,sync_external_app,crm_api,customer_profile,3,0,97,0,68,1,1,1,Blocked
sales_crm_agent,1,admin,send_email,email_api,customer_profile,3,1,19,0,60,0,0,1,Allowed
it_helpdesk_agent,3,manager,send_email,database_api,payroll_record,5,0,99,0,98,1,3,1,Blocked
finance_reconciliation_agent,2,security_admin,update_record,hris_api,sales_pipeline,3,1,58,0,29,0,6,1,Needs_Human_Approval
hr_onboarding_agent,2,employee,export_report,email_api,customer_profile,3,0,81,0,74,0,1,1,Blocked
customer_support_agent,3,contractor,export_report,database_api,system_config,4,0,100,1,100,1,2,1,Blocked
security_monitoring_agent,4,service_account,export_report,siem_api,public_knowledge_base,1,0,38,0,61,1,0,1,Blocked
procurement_agent,2,security_admin,download_file,database_api,employee_file,4,1,46,0,78,0,2,1,Needs_Human_Approval
data_analytics_agent,5,admin,export_report,crm_api,customer_profile,3,1,53,0,66,0,0,1,Needs_Human_Approval
sales_crm_agent,3,admin,export_report,crm_api,employee_file,4,0,81,0,95,1,0,1,Blocked
security_monitoring_agent,2,vendor,export_report,crm_api,public_knowledge_base,1,0,50,0,38,0,0,1,Blocked
